pickup_datetime,actual_seconds,predicted_seconds,global_median_seconds,recent_median_seconds,hour_median_seconds
2016-03-12 20:13:00,543.0,465.34051244273775,576.0,576.0,538.0
2016-03-12 20:19:00,343.0,458.9687925503408,576.0,576.0,538.0
2016-03-12 21:27:00,570.0,518.0489141967598,576.0,576.0,542.5
2016-03-12 21:29:00,612.0,458.0383759042588,576.0,576.0,542.5
2016-03-12 22:20:00,505.0,447.5354856624362,576.0,576.0,569.0
2016-03-12 23:01:00,560.0,531.589951168182,576.0,576.0,559.0
2016-03-12 23:27:00,553.0,460.3316303993557,576.0,576.0,559.0
2016-03-12 23:50:00,681.0,563.2780013481158,576.0,576.0,559.0
2016-03-12 23:59:00,738.0,747.6734921181837,576.0,576.0,559.0
2016-03-13 00:01:00,792.0,829.6214214136065,576.0,576.0,551.0
2016-03-13 00:32:00,429.0,538.4530141900332,576.0,576.0,551.0
2016-03-13 00:37:00,579.0,499.62333713200223,576.0,576.0,551.0
2016-03-13 00:41:00,455.0,515.4070614153045,576.0,576.0,551.0
2016-03-13 00:41:00,372.0,354.143063863763,576.0,576.0,551.0
2016-03-13 00:47:00,291.0,403.36846557246236,576.0,576.0,551.0
2016-03-13 00:50:00,757.0,630.4906383775265,576.0,576.0,551.0
2016-03-13 01:07:00,744.0,824.7397425366573,576.0,576.0,502.0
2016-03-13 01:33:00,506.0,454.10838686765726,576.0,576.0,502.0
2016-03-13 01:38:00,614.0,515.3099619858292,576.0,576.0,502.0
2016-03-13 02:12:00,553.0,562.1173941710945,576.0,576.0,534.0
2016-03-13 02:13:00,410.0,347.1138959899231,576.0,576.0,534.0
2016-03-13 02:24:00,380.0,411.7342278475966,576.0,576.0,534.0
2016-03-13 02:39:00,524.0,413.0735536085391,576.0,576.0,534.0
2016-03-13 03:04:00,383.0,440.7780601182315,576.0,576.0,531.5
2016-03-13 04:08:00,648.0,538.7025568879421,576.0,576.0,534.0
2016-03-13 04:15:00,654.0,696.8398036871034,576.0,576.0,534.0
2016-03-13 04:42:00,823.0,800.2723417320967,576.0,576.0,534.0
2016-03-13 04:57:00,590.0,478.4425620052651,576.0,576.0,534.0
2016-03-13 05:23:00,543.0,547.3321349459032,576.0,576.0,551.0
2016-03-13 05:35:00,953.0,1017.6762342762416,576.0,576.0,551.0
2016-03-13 05:36:00,494.0,392.29116064830987,576.0,576.0,551.0
2016-03-13 05:57:00,514.0,453.2624565780462,576.0,576.0,551.0
2016-03-13 06:02:00,679.0,666.3136455230866,576.0,576.0,554.5
2016-03-13 06:25:00,843.0,664.3352223898413,576.0,576.0,554.5
2016-03-13 06:45:00,469.0,459.7891077738374,576.0,576.0,554.5
2016-03-13 07:13:00,822.0,747.3637024712914,576.0,576.0,625.0
2016-03-13 07:15:00,686.0,659.4477733869112,576.0,576.0,625.0
2016-03-13 07:27:00,590.0,658.4122466264355,576.0,576.0,625.0
2016-03-13 08:06:00,699.0,903.4780908204895,576.0,576.0,674.5
2016-03-13 08:33:00,497.0,552.6083591314256,576.0,576.0,674.5
2016-03-13 09:02:00,469.0,436.749263853979,576.0,576.0,643.0
2016-03-13 09:43:00,348.0,398.55686460810807,576.0,576.0,643.0
2016-03-13 09:47:00,777.0,814.161295437872,576.0,576.0,643.0
2016-03-13 09:59:00,856.0,821.8949863680373,576.0,576.0,643.0
2016-03-13 10:00:00,713.0,541.5285652686578,576.0,576.0,537.0
2016-03-13 10:20:00,332.0,399.98043190542654,576.0,576.0,537.0
2016-03-13 10:39:00,900.0,974.7372450325303,576.0,576.0,537.0
2016-03-13 10:51:00,467.0,529.5807699072448,576.0,576.0,537.0
2016-03-13 10:57:00,642.0,732.825173379451,576.0,576.0,537.0
2016-03-13 10:58:00,592.0,522.9626677379491,576.0,576.0,537.0
2016-03-13 11:47:00,544.0,400.186343771819,576.0,576.0,520.0
2016-03-13 11:58:00,443.0,493.17753435705004,576.0,576.0,520.0
2016-03-13 12:08:00,549.0,413.5183635406475,576.0,576.0,541.5
2016-03-13 12:39:00,249.0,346.78291094619186,576.0,576.0,541.5
2016-03-13 13:37:00,412.0,456.97909220811397,576.0,576.0,557.0
2016-03-13 14:11:00,613.0,427.64802644567726,576.0,576.0,552.0
2016-03-13 14:15:00,400.0,421.2704979631784,576.0,576.0,552.0
2016-03-13 14:20:00,365.0,387.64325065394036,576.0,576.0,552.0
2016-03-13 14:23:00,595.0,671.6494781822539,576.0,576.0,552.0
2016-03-13 15:36:00,359.0,433.64062625935225,576.0,576.0,564.5
2016-03-13 16:03:00,668.0,582.5091238443491,576.0,576.0,657.0
2016-03-13 16:44:00,645.0,735.1494810312878,576.0,576.0,657.0
2016-03-13 16:46:00,568.0,600.4783540138,576.0,576.0,657.0
2016-03-13 16:51:00,445.0,443.37517275565,576.0,576.0,657.0
2016-03-13 16:53:00,494.0,445.83609326105443,576.0,576.0,657.0
2016-03-13 17:13:00,481.0,538.2133740723597,576.0,576.0,611.0
2016-03-13 17:38:00,783.0,681.2953796059066,576.0,576.0,611.0
2016-03-13 17:51:00,603.0,929.0649338938823,576.0,576.0,611.0
2016-03-13 18:35:00,384.0,447.53646852398964,576.0,576.0,644.5
2016-03-13 18:43:00,493.0,591.9772407689186,576.0,576.0,644.5
2016-03-13 19:03:00,595.0,496.4833650708185,576.0,576.0,640.0
2016-03-13 19:08:00,1013.0,855.6957042099934,576.0,576.0,640.0
2016-03-13 19:21:00,831.0,900.6619671512246,576.0,576.0,640.0
2016-03-13 19:23:00,628.0,768.6233459789908,576.0,576.0,640.0
2016-03-13 19:28:00,609.0,621.429678223306,576.0,576.0,640.0
2016-03-13 20:58:00,378.0,497.80266155682574,576.0,576.0,538.0
2016-03-13 21:19:00,622.0,579.491304457568,576.0,576.0,542.5
2016-03-13 21:19:00,385.0,371.9770921545744,576.0,576.0,542.5
2016-03-13 21:47:00,416.0,532.4891074108102,576.0,576.0,542.5
2016-03-13 21:55:00,471.0,449.2394193519515,576.0,576.0,542.5
2016-03-13 22:09:00,648.0,547.4046358604473,576.0,576.0,569.0
2016-03-13 22:41:00,957.0,1091.4065970857466,576.0,576.0,569.0
2016-03-13 22:51:00,511.0,392.3011284179007,576.0,576.0,569.0
2016-03-13 23:16:00,686.0,614.6519992738189,576.0,576.0,559.0
2016-03-14 00:22:00,593.0,467.02488957814137,576.0,576.0,551.0
2016-03-14 00:28:00,864.0,727.9226616956486,576.0,576.0,551.0
2016-03-14 00:43:00,746.0,562.8933059016451,576.0,576.0,551.0
2016-03-14 01:03:00,642.0,581.2110990322426,576.0,576.0,502.0
2016-03-14 01:15:00,649.0,600.8386184662122,576.0,576.0,502.0
2016-03-14 01:22:00,342.0,354.8052425302875,576.0,576.0,502.0
2016-03-14 01:30:00,540.0,478.64556727548705,576.0,576.0,502.0
2016-03-14 01:37:00,411.0,427.79433629657285,576.0,576.0,502.0
2016-03-14 01:58:00,594.0,612.731626082411,576.0,576.0,502.0
2016-03-14 02:14:00,484.0,497.3898709114183,576.0,576.0,534.0
2016-03-14 02:48:00,481.0,430.0584250897423,576.0,576.0,534.0
2016-03-14 02:57:00,690.0,522.0422992406855,576.0,576.0,534.0
2016-03-14 03:06:00,737.0,590.4802126939535,576.0,576.0,531.5
2016-03-14 03:09:00,466.0,428.6341978198963,576.0,576.0,531.5
2016-03-14 03:34:00,467.0,593.122348163279,576.0,576.0,531.5
2016-03-14 04:29:00,767.0,691.6060425902411,576.0,576.0,534.0
2016-03-14 04:33:00,296.0,340.1293642251404,576.0,576.0,534.0
2016-03-14 05:09:00,710.0,620.6350589797767,576.0,576.0,551.0
2016-03-14 05:20:00,613.0,550.9453547371334,576.0,576.0,551.0
2016-03-14 05:57:00,373.0,355.32944613126875,576.0,576.0,551.0
2016-03-14 06:45:00,417.0,457.7007588396007,576.0,576.0,554.5
2016-03-14 06:55:00,510.0,496.7400820330031,576.0,576.0,554.5
2016-03-14 07:17:00,541.0,580.8119579266936,576.0,576.0,625.0
2016-03-14 07:29:00,653.0,571.2844928360546,576.0,576.0,625.0
2016-03-14 09:18:00,832.0,863.0949709369326,576.0,576.0,643.0
2016-03-14 09:36:00,511.0,635.7939828261112,576.0,576.0,643.0
2016-03-14 10:14:00,608.0,524.1097167845954,576.0,576.0,537.0
2016-03-14 10:44:00,605.0,465.66866927817244,576.0,576.0,537.0
2016-03-14 10:49:00,782.0,1031.3553595924802,576.0,576.0,537.0
2016-03-14 11:32:00,813.0,939.3828852202178,576.0,576.0,520.0
2016-03-14 11:32:00,954.0,1215.3489433246618,576.0,576.0,520.0
2016-03-14 12:15:00,494.0,494.6740059845325,576.0,576.0,541.5
2016-03-14 12:36:00,759.0,626.1942676666075,576.0,576.0,541.5
2016-03-14 13:36:00,362.0,466.6500973697783,576.0,576.0,557.0
2016-03-14 14:03:00,376.0,364.7969142591213,576.0,576.0,552.0
2016-03-14 14:21:00,512.0,395.8830155072808,576.0,576.0,552.0
2016-03-14 14:23:00,599.0,519.8676418383545,576.0,576.0,552.0
2016-03-14 14:37:00,493.0,516.3650521330297,576.0,576.0,552.0
2016-03-14 14:40:00,422.0,407.72764315715494,576.0,576.0,552.0
2016-03-14 14:56:00,498.0,423.6745528538437,576.0,576.0,552.0
2016-03-14 15:43:00,544.0,531.7938185848087,576.0,576.0,564.5
2016-03-14 15:44:00,829.0,695.1957914617834,576.0,576.0,564.5
2016-03-14 17:02:00,963.0,967.4472995860921,576.0,576.0,611.0
2016-03-14 17:03:00,676.0,728.5227208766859,576.0,576.0,611.0
2016-03-14 17:32:00,753.0,638.5075441266922,576.0,576.0,611.0
2016-03-14 17:56:00,799.0,599.600107771226,576.0,576.0,611.0
2016-03-14 18:40:00,838.0,907.9539589237147,576.0,576.0,644.5
2016-03-14 19:07:00,864.0,886.763599923736,576.0,576.0,640.0
2016-03-14 20:11:00,817.0,671.5435202006754,576.0,576.0,538.0
2016-03-14 20:41:00,541.0,436.68960690924314,576.0,576.0,538.0
2016-03-14 21:17:00,273.0,432.8432782521769,576.0,576.0,542.5
2016-03-14 21:31:00,738.0,825.1178213486892,576.0,576.0,542.5
2016-03-14 22:57:00,560.0,483.77840699367897,576.0,576.0,569.0
2016-03-14 23:27:00,432.0,509.6758660887424,576.0,576.0,559.0
2016-03-15 00:14:00,471.0,604.232879607878,576.0,576.0,551.0
2016-03-15 00:16:00,400.0,455.6565828390277,576.0,576.0,551.0
2016-03-15 00:23:00,668.0,671.5109427361923,576.0,576.0,551.0
2016-03-15 00:53:00,562.0,553.0152605048344,576.0,576.0,551.0
2016-03-15 01:07:00,842.0,772.7786116780638,576.0,576.0,502.0
2016-03-15 01:11:00,516.0,414.6026380942754,576.0,576.0,502.0
2016-03-15 01:14:00,375.0,466.8808275291113,576.0,576.0,502.0
2016-03-15 01:50:00,512.0,539.5552767415601,576.0,576.0,502.0
2016-03-15 02:08:00,613.0,469.26565608700423,576.0,576.0,534.0
2016-03-15 02:21:00,468.0,440.6733569024295,576.0,576.0,534.0
2016-03-15 02:25:00,513.0,505.2366243124737,576.0,576.0,534.0
2016-03-15 02:46:00,434.0,493.2961783550318,576.0,576.0,534.0
2016-03-15 03:34:00,711.0,648.0524815626616,576.0,576.0,531.5
2016-03-15 03:35:00,473.0,605.3443978746528,576.0,576.0,531.5
2016-03-15 04:17:00,419.0,346.88367357426756,576.0,576.0,534.0
2016-03-15 04:38:00,707.0,577.2857948466382,576.0,576.0,534.0
2016-03-15 05:10:00,336.0,395.0465720876893,576.0,576.0,551.0
2016-03-15 05:21:00,420.0,411.4031651809674,576.0,576.0,551.0
2016-03-15 05:43:00,474.0,540.0537586681135,576.0,576.0,551.0
2016-03-15 05:43:00,333.0,381.581113075026,576.0,576.0,551.0
2016-03-15 06:04:00,592.0,643.1097697800833,576.0,576.0,554.5
2016-03-15 06:34:00,583.0,505.8967066721915,576.0,576.0,554.5
2016-03-15 06:44:00,381.0,309.30450280332883,576.0,576.0,554.5
2016-03-15 06:48:00,570.0,416.7097902649351,576.0,576.0,554.5
2016-03-15 06:59:00,524.0,440.34151552198307,576.0,576.0,554.5
2016-03-15 07:13:00,760.0,798.7267873245619,576.0,576.0,625.0
2016-03-15 07:36:00,926.0,752.6771363671986,576.0,576.0,625.0
2016-03-15 07:37:00,749.0,514.175277225927,576.0,576.0,625.0
2016-03-15 08:23:00,699.0,696.6494340123298,576.0,576.0,674.5
2016-03-15 09:11:00,498.0,561.932873893502,576.0,576.0,643.0
2016-03-15 09:15:00,875.0,1147.4005477525561,576.0,576.0,643.0
2016-03-15 09:44:00,693.0,594.8064491667416,576.0,576.0,643.0
2016-03-15 10:12:00,438.0,512.015842134545,576.0,576.0,537.0
2016-03-15 10:26:00,866.0,793.4108674115951,576.0,576.0,537.0
2016-03-15 10:36:00,698.0,604.1996839396751,576.0,576.0,537.0
2016-03-15 10:56:00,805.0,762.6648831090711,576.0,576.0,537.0
2016-03-15 11:29:00,583.0,587.5063425945608,576.0,576.0,520.0
2016-03-15 11:45:00,579.0,515.1532024264189,576.0,576.0,520.0
2016-03-15 11:48:00,685.0,720.0315167567053,576.0,576.0,520.0
2016-03-15 12:03:00,365.0,380.2249807177134,576.0,576.0,541.5
2016-03-15 12:16:00,721.0,705.8184667153505,576.0,576.0,541.5
2016-03-15 12:26:00,616.0,585.2591326976495,576.0,576.0,541.5
2016-03-15 12:30:00,412.0,362.3114539360271,576.0,576.0,541.5
2016-03-15 12:35:00,582.0,556.4764411458976,576.0,576.0,541.5
2016-03-15 12:43:00,313.0,441.7054239738361,576.0,576.0,541.5
2016-03-15 12:49:00,546.0,499.57538673483305,576.0,576.0,541.5
2016-03-15 13:01:00,680.0,594.922876475568,576.0,576.0,557.0
2016-03-15 14:21:00,604.0,477.30986783608944,576.0,576.0,552.0
2016-03-15 14:27:00,685.0,617.5364288190248,576.0,576.0,552.0
2016-03-15 14:36:00,623.0,684.5498544504794,576.0,576.0,552.0
2016-03-15 16:12:00,678.0,754.8987359503144,576.0,576.0,657.0
2016-03-15 16:18:00,749.0,635.152762267301,576.0,576.0,657.0
2016-03-15 16:46:00,795.0,896.1006688317786,576.0,576.0,657.0
2016-03-15 17:05:00,704.0,766.3059077147742,576.0,576.0,611.0
2016-03-15 17:11:00,1031.0,877.8462978386062,576.0,576.0,611.0
2016-03-15 17:12:00,519.0,447.46774811394073,576.0,576.0,611.0
2016-03-15 17:59:00,499.0,495.0149625104224,576.0,576.0,611.0
2016-03-15 18:19:00,1034.0,1035.4931911218669,576.0,576.0,644.5
2016-03-15 18:33:00,731.0,646.3270425473968,576.0,576.0,644.5
2016-03-15 19:23:00,614.0,539.1496415564666,576.0,576.0,640.0
2016-03-15 19:33:00,639.0,672.4646538870534,576.0,576.0,640.0
2016-03-15 19:39:00,708.0,587.7773788435652,576.0,576.0,640.0
2016-03-15 20:27:00,441.0,533.1057939211161,576.0,576.0,538.0
2016-03-15 20:36:00,559.0,507.07001477486256,576.0,576.0,538.0
2016-03-15 20:39:00,730.0,476.0050220762253,576.0,576.0,538.0
2016-03-15 21:23:00,635.0,556.0110113339713,576.0,576.0,542.5
2016-03-15 21:27:00,179.0,378.87738733879615,576.0,576.0,542.5
2016-03-15 21:52:00,709.0,606.9283326335419,576.0,576.0,542.5
2016-03-15 22:39:00,584.0,554.4819868941514,576.0,576.0,569.0
2016-03-15 22:40:00,605.0,758.0105985628062,576.0,576.0,569.0
2016-03-15 22:41:00,451.0,470.76220153844525,576.0,576.0,569.0
2016-03-15 22:45:00,364.0,395.7330223271909,576.0,576.0,569.0
2016-03-15 22:46:00,637.0,724.2474063109883,576.0,576.0,569.0
2016-03-15 23:35:00,987.0,889.3578939646853,576.0,576.0,559.0
2016-03-16 00:15:00,553.0,560.5594042863753,576.0,576.0,551.0
2016-03-16 00:33:00,336.0,423.92068413889933,576.0,576.0,551.0
2016-03-16 00:41:00,648.0,548.2484108688056,576.0,576.0,551.0
2016-03-16 00:44:00,413.0,433.6365460347939,576.0,576.0,551.0
2016-03-16 00:48:00,390.0,386.99879082001365,576.0,576.0,551.0
2016-03-16 00:55:00,389.0,451.6278944391422,576.0,576.0,551.0
2016-03-16 01:17:00,737.0,662.2085870706063,576.0,576.0,502.0
2016-03-16 01:32:00,705.0,649.9822506272101,576.0,576.0,502.0
2016-03-16 01:34:00,616.0,608.7005437177899,576.0,576.0,502.0
2016-03-16 01:49:00,825.0,553.5852612139262,576.0,576.0,502.0
2016-03-16 02:05:00,437.0,464.15896885640984,576.0,576.0,534.0
2016-03-16 02:06:00,465.0,409.402698713476,576.0,576.0,534.0
2016-03-16 02:30:00,501.0,673.3487261639434,576.0,576.0,534.0
2016-03-16 02:35:00,755.0,745.6887375740248,576.0,576.0,534.0
2016-03-16 03:18:00,707.0,627.5704574408595,576.0,576.0,531.5
2016-03-16 03:21:00,526.0,491.80443916063564,576.0,576.0,531.5
2016-03-16 03:23:00,408.0,411.20073519901973,576.0,576.0,531.5
2016-03-16 03:38:00,639.0,755.4212347315936,576.0,576.0,531.5
2016-03-16 04:03:00,760.0,728.51679257194,576.0,576.0,534.0
2016-03-16 04:07:00,931.0,818.0046630362768,576.0,576.0,534.0
2016-03-16 04:11:00,394.0,508.12577903780425,576.0,576.0,534.0
2016-03-16 04:40:00,501.0,636.6296355062916,576.0,576.0,534.0
2016-03-16 04:57:00,313.0,350.04478313792976,576.0,576.0,534.0
2016-03-16 05:03:00,720.0,606.3281334848127,576.0,576.0,551.0
2016-03-16 05:16:00,489.0,461.40059844128746,576.0,576.0,551.0
2016-03-16 05:48:00,673.0,569.2493222577457,576.0,576.0,551.0
2016-03-16 06:12:00,225.0,347.91224176524196,576.0,576.0,554.5
2016-03-16 07:03:00,484.0,644.2875403789537,576.0,576.0,625.0
2016-03-16 07:30:00,511.0,426.35032940620613,576.0,576.0,625.0
2016-03-16 07:50:00,884.0,867.2299157900743,576.0,576.0,625.0
2016-03-16 09:13:00,807.0,1037.627424434042,576.0,576.0,643.0
2016-03-16 09:23:00,690.0,606.341488471505,576.0,576.0,643.0
2016-03-16 10:23:00,336.0,430.7106237955839,576.0,576.0,537.0
2016-03-16 11:01:00,435.0,463.6684631711709,576.0,576.0,520.0
2016-03-16 11:09:00,624.0,552.8938343634268,576.0,576.0,520.0
2016-03-16 11:20:00,659.0,622.4377377144942,576.0,576.0,520.0
2016-03-16 12:34:00,338.0,367.9044962662932,576.0,576.0,541.5
2016-03-16 13:18:00,309.0,469.71215229620606,576.0,576.0,557.0
2016-03-16 13:34:00,1056.0,839.3031116770437,576.0,576.0,557.0
2016-03-16 14:14:00,363.0,362.3248036716209,576.0,576.0,552.0
2016-03-16 14:46:00,640.0,562.6424881840874,576.0,576.0,552.0
2016-03-16 15:12:00,710.0,683.3999162629664,576.0,576.0,564.5
2016-03-16 16:08:00,567.0,507.88333591111615,576.0,576.0,657.0
2016-03-16 16:45:00,826.0,796.4477716688465,576.0,576.0,657.0
2016-03-16 17:01:00,733.0,530.2421084406493,576.0,576.0,611.0
2016-03-16 18:40:00,441.0,646.199872848207,576.0,576.0,644.5
2016-03-16 19:10:00,955.0,931.3723368913667,576.0,576.0,640.0
2016-03-16 19:38:00,883.0,750.9777200093661,576.0,576.0,640.0
2016-03-16 19:42:00,731.0,730.8736416273834,576.0,576.0,640.0
2016-03-16 19:51:00,940.0,977.8694013689937,576.0,576.0,640.0
2016-03-16 19:54:00,594.0,525.7916740448075,576.0,576.0,640.0
2016-03-16 20:08:00,483.0,404.729759288545,576.0,576.0,538.0
2016-03-16 20:54:00,664.0,608.8490369772388,576.0,576.0,538.0
2016-03-16 21:09:00,345.0,373.857795346333,576.0,576.0,542.5
2016-03-16 21:17:00,631.0,542.8724903578079,576.0,576.0,542.5
2016-03-16 21:29:00,283.0,400.1880500792525,576.0,576.0,542.5
2016-03-16 21:48:00,516.0,425.0384227389327,576.0,576.0,542.5
2016-03-16 21:55:00,564.0,529.3308657026499,576.0,576.0,542.5
2016-03-16 22:14:00,590.0,586.9254650876223,576.0,576.0,569.0
2016-03-16 22:59:00,823.0,900.8135891038328,576.0,576.0,569.0
2016-03-16 23:10:00,566.0,584.6682661727466,576.0,576.0,559.0
2016-03-16 23:54:00,433.0,410.39260797967626,576.0,576.0,559.0
2016-03-17 00:29:00,662.0,537.5646613186323,576.0,576.0,551.0
2016-03-17 00:31:00,283.0,457.0921088481359,576.0,576.0,551.0
2016-03-17 00:43:00,668.0,493.9956438667162,576.0,576.0,551.0
2016-03-17 01:00:00,454.0,644.7585993471537,576.0,576.0,502.0
2016-03-17 01:11:00,537.0,411.7298791062827,576.0,576.0,502.0
2016-03-17 01:26:00,704.0,585.3720887196951,576.0,576.0,502.0
2016-03-17 01:30:00,557.0,526.3762150709247,576.0,576.0,502.0
2016-03-17 02:07:00,478.0,423.71229212248653,576.0,576.0,534.0
2016-03-17 02:17:00,647.0,533.126532799142,576.0,576.0,534.0
2016-03-17 02:47:00,948.0,940.9563317616334,576.0,576.0,534.0
2016-03-17 03:31:00,533.0,498.50385852429383,576.0,576.0,531.5
2016-03-17 03:31:00,507.0,471.4202596279703,576.0,576.0,531.5
2016-03-17 04:10:00,767.0,810.8849254896447,576.0,576.0,534.0
2016-03-17 05:02:00,570.0,497.42555740950024,576.0,576.0,551.0
2016-03-17 05:03:00,395.0,434.17456310032156,576.0,576.0,551.0
2016-03-17 05:20:00,489.0,503.18321445780583,576.0,576.0,551.0
2016-03-17 06:27:00,684.0,654.434042057903,576.0,576.0,554.5
2016-03-17 06:53:00,384.0,498.4337392504682,576.0,576.0,554.5
2016-03-17 07:23:00,581.0,462.01469263637574,576.0,576.0,625.0
2016-03-17 08:02:00,515.0,408.2031636955596,576.0,576.0,674.5
2016-03-17 08:29:00,829.0,905.0528345696184,576.0,576.0,674.5
2016-03-17 08:47:00,524.0,499.23806851068053,576.0,576.0,674.5
2016-03-17 09:18:00,473.0,490.73755947792995,576.0,576.0,643.0
2016-03-17 09:35:00,692.0,608.9224809944984,576.0,576.0,643.0
2016-03-17 09:41:00,879.0,996.9540335004178,576.0,576.0,643.0
2016-03-17 10:13:00,374.0,545.8355392033477,576.0,576.0,537.0
2016-03-17 10:51:00,237.0,387.9343344017478,576.0,576.0,537.0
2016-03-17 10:53:00,646.0,610.3915350773651,576.0,576.0,537.0
2016-03-17 11:07:00,806.0,881.1402849721829,576.0,576.0,520.0
2016-03-17 11:52:00,515.0,487.20160418467776,576.0,576.0,520.0
2016-03-17 12:15:00,749.0,659.6473377999837,576.0,576.0,541.5
2016-03-17 12:39:00,483.0,625.0352267551167,576.0,576.0,541.5
2016-03-17 13:11:00,600.0,563.2998609084847,576.0,576.0,557.0
2016-03-17 13:16:00,739.0,854.2822067529162,576.0,576.0,557.0
2016-03-17 14:00:00,529.0,492.24636890210064,576.0,576.0,552.0
2016-03-17 14:02:00,546.0,430.2196481411599,576.0,576.0,552.0
2016-03-17 14:14:00,498.0,534.7847700533356,576.0,576.0,552.0
2016-03-17 14:15:00,606.0,593.2278072536094,576.0,576.0,552.0
2016-03-17 15:02:00,892.0,1075.124707566142,576.0,576.0,564.5
2016-03-17 15:12:00,543.0,476.3035171481919,576.0,576.0,564.5
2016-03-17 15:18:00,357.0,477.2103281365812,576.0,576.0,564.5
2016-03-17 15:40:00,645.0,495.9578201055543,576.0,576.0,564.5
2016-03-17 16:03:00,465.0,601.7541092414172,576.0,576.0,657.0
2016-03-17 16:47:00,864.0,659.4360636538114,576.0,576.0,657.0
2016-03-17 16:52:00,802.0,804.5163483805452,576.0,576.0,657.0
2016-03-17 16:54:00,625.0,465.9931898719232,576.0,576.0,657.0
2016-03-17 17:16:00,863.0,790.3307921129568,576.0,576.0,611.0
2016-03-17 17:38:00,524.0,531.614267221957,576.0,576.0,611.0
2016-03-17 18:08:00,1018.0,1040.0591369789129,576.0,576.0,644.5
2016-03-17 19:03:00,660.0,738.1898656995245,576.0,576.0,640.0
2016-03-17 19:10:00,736.0,676.1981584660663,576.0,576.0,640.0
2016-03-17 19:12:00,660.0,490.0294228521757,576.0,576.0,640.0
2016-03-17 19:43:00,720.0,674.1163427568463,576.0,576.0,640.0
2016-03-17 19:50:00,714.0,787.2600040477628,576.0,576.0,640.0
2016-03-17 19:54:00,762.0,941.9117902989143,576.0,576.0,640.0
2016-03-17 20:13:00,438.0,335.27325532794697,576.0,576.0,538.0
2016-03-17 20:30:00,790.0,476.16799291718394,576.0,576.0,538.0
2016-03-17 20:32:00,544.0,451.44992165323555,576.0,576.0,538.0
2016-03-17 21:13:00,604.0,593.0509712739799,576.0,576.0,542.5
2016-03-17 21:41:00,287.0,393.7088976210676,576.0,576.0,542.5
2016-03-17 22:12:00,811.0,787.2604375748007,576.0,576.0,569.0
2016-03-17 22:20:00,618.0,626.5848030215578,576.0,576.0,569.0
2016-03-17 22:25:00,492.0,475.29018299746156,576.0,576.0,569.0
2016-03-17 22:26:00,763.0,698.1537139052133,576.0,576.0,569.0
2016-03-17 22:39:00,331.0,396.38741441860003,576.0,576.0,569.0
2016-03-17 23:21:00,560.0,519.0945676790903,576.0,576.0,559.0
2016-03-18 00:46:00,730.0,788.2784536911366,576.0,576.0,551.0
2016-03-18 00:49:00,372.0,377.5803531619597,576.0,576.0,551.0
2016-03-18 00:53:00,426.0,490.72226506916394,576.0,576.0,551.0
2016-03-18 01:15:00,657.0,584.8744190137916,576.0,576.0,502.0
2016-03-18 01:49:00,260.0,420.9520380460918,576.0,576.0,502.0
2016-03-18 01:50:00,650.0,626.2953001094297,576.0,576.0,502.0
2016-03-18 01:50:00,297.0,357.5492700014788,576.0,576.0,502.0
2016-03-18 01:51:00,845.0,897.1566674602071,576.0,576.0,502.0
2016-03-18 02:24:00,1013.0,803.9362608676355,576.0,576.0,534.0
2016-03-18 02:52:00,494.0,555.3622881190759,576.0,576.0,534.0
2016-03-18 03:13:00,726.0,554.3365275811658,576.0,576.0,531.5
2016-03-18 03:16:00,463.0,387.4917777325084,576.0,576.0,531.5
2016-03-18 03:38:00,349.0,377.454343445299,576.0,576.0,531.5
2016-03-18 04:00:00,363.0,361.04732437078593,576.0,576.0,534.0
2016-03-18 04:26:00,483.0,469.2907775257009,576.0,576.0,534.0
2016-03-18 04:52:00,611.0,624.9373791889922,576.0,576.0,534.0
2016-03-18 05:27:00,506.0,467.7918481845325,576.0,576.0,551.0
2016-03-18 05:54:00,689.0,550.0462774771352,576.0,576.0,551.0
2016-03-18 06:00:00,955.0,880.183330603585,576.0,576.0,554.5
2016-03-18 06:21:00,762.0,525.6913291843422,576.0,576.0,554.5
2016-03-18 06:21:00,399.0,469.8129359482144,576.0,576.0,554.5
2016-03-18 07:37:00,734.0,728.8169379607547,576.0,576.0,625.0
2016-03-18 07:56:00,711.0,591.1470499640794,576.0,576.0,625.0
2016-03-18 08:09:00,703.0,576.3668117127196,576.0,576.0,674.5
2016-03-18 08:34:00,433.0,512.1972609729917,576.0,576.0,674.5
2016-03-18 08:54:00,667.0,604.4203316026417,576.0,576.0,674.5
2016-03-18 09:09:00,436.0,430.9319637983925,576.0,576.0,643.0
2016-03-18 09:19:00,640.0,685.9200460902167,576.0,576.0,643.0
2016-03-18 10:02:00,815.0,740.0113905103518,576.0,576.0,537.0
2016-03-18 10:16:00,906.0,814.7459156801234,576.0,576.0,537.0
2016-03-18 10:40:00,532.0,513.2980946255535,576.0,576.0,537.0
2016-03-18 11:03:00,445.0,417.08673855206234,576.0,576.0,520.0
2016-03-18 11:20:00,669.0,490.6897578041681,576.0,576.0,520.0
2016-03-18 11:27:00,526.0,448.08290013190054,576.0,576.0,520.0
2016-03-18 11:59:00,487.0,509.71194275899103,576.0,576.0,520.0
2016-03-18 12:07:00,589.0,611.3724802479653,576.0,576.0,541.5
2016-03-18 12:33:00,812.0,793.9332082992516,576.0,576.0,541.5
2016-03-18 13:14:00,535.0,422.29542550960394,576.0,576.0,557.0
2016-03-18 13:26:00,473.0,371.1858868995823,576.0,576.0,557.0
2016-03-18 14:00:00,452.0,481.2201628712852,576.0,576.0,552.0
2016-03-18 14:02:00,913.0,867.3769642791065,576.0,576.0,552.0
2016-03-18 14:03:00,397.0,470.79238664269747,576.0,576.0,552.0
2016-03-18 14:04:00,615.0,545.6836773266879,576.0,576.0,552.0
2016-03-18 14:40:00,396.0,526.0798921865817,576.0,576.0,552.0
2016-03-18 14:45:00,336.0,367.12619436250714,576.0,576.0,552.0
2016-03-18 14:56:00,517.0,574.280391398154,576.0,576.0,552.0
2016-03-18 15:03:00,627.0,575.1314710899718,576.0,576.0,564.5
2016-03-18 15:13:00,898.0,714.4329843446247,576.0,576.0,564.5
2016-03-18 15:26:00,377.0,321.6507742533141,576.0,576.0,564.5
2016-03-18 15:30:00,852.0,644.2793064209028,576.0,576.0,564.5
2016-03-18 16:18:00,528.0,490.8320749420733,576.0,576.0,657.0
2016-03-18 16:47:00,732.0,575.1711302404536,576.0,576.0,657.0
2016-03-18 17:09:00,614.0,684.3387696268995,576.0,576.0,611.0
2016-03-18 17:11:00,928.0,963.7364019605313,576.0,576.0,611.0
2016-03-18 17:14:00,561.0,569.5095007831605,576.0,576.0,611.0
2016-03-18 18:25:00,892.0,1002.6506704301138,576.0,576.0,644.5
2016-03-18 18:40:00,738.0,658.461942114017,576.0,576.0,644.5
2016-03-18 19:03:00,594.0,682.737401665702,576.0,576.0,640.0
2016-03-18 19:43:00,908.0,1005.0975939690067,576.0,576.0,640.0
2016-03-18 20:20:00,813.0,621.7388983712074,576.0,576.0,538.0
2016-03-18 20:23:00,549.0,574.9846819715392,576.0,576.0,538.0
2016-03-18 20:28:00,413.0,498.05363819046016,576.0,576.0,538.0
2016-03-18 20:42:00,287.0,327.2641126871125,576.0,576.0,538.0
2016-03-18 20:47:00,817.0,711.0625758521977,576.0,576.0,538.0
2016-03-18 21:00:00,730.0,663.0250729290459,576.0,576.0,542.5
2016-03-18 21:01:00,579.0,509.4464951231452,576.0,576.0,542.5
2016-03-18 21:10:00,521.0,523.3299996456752,576.0,576.0,542.5
2016-03-18 21:14:00,588.0,583.312391607402,576.0,576.0,542.5
2016-03-18 21:24:00,412.0,502.2232666900986,576.0,576.0,542.5
2016-03-18 21:42:00,547.0,519.4853335849974,576.0,576.0,542.5
2016-03-18 21:45:00,478.0,445.801767347814,576.0,576.0,542.5
2016-03-18 21:51:00,634.0,504.53036056932655,576.0,576.0,542.5
2016-03-18 22:02:00,429.0,585.6117791828723,576.0,576.0,569.0
2016-03-18 23:14:00,694.0,565.8877342467923,576.0,576.0,559.0
2016-03-18 23:33:00,554.0,473.1005161352893,576.0,576.0,559.0
2016-03-18 23:37:00,506.0,612.7834270786174,576.0,576.0,559.0
2016-03-18 23:48:00,960.0,876.6853574694535,576.0,576.0,559.0
2016-03-19 00:51:00,653.0,556.3831366154641,576.0,576.0,551.0
2016-03-19 00:54:00,426.0,504.32294124851694,576.0,576.0,551.0
2016-03-19 01:00:00,577.0,587.002140417502,576.0,576.0,502.0
2016-03-19 02:36:00,474.0,422.26555503989425,576.0,576.0,534.0
2016-03-19 02:44:00,307.0,433.74291369784254,576.0,576.0,534.0
2016-03-19 03:19:00,542.0,503.8309365610249,576.0,576.0,531.5
2016-03-19 03:22:00,915.0,908.3602161026587,576.0,576.0,531.5
2016-03-19 03:51:00,805.0,847.6425996291812,576.0,576.0,531.5
2016-03-19 04:10:00,415.0,499.86585393567066,576.0,576.0,534.0
2016-03-19 04:35:00,537.0,530.4107654621045,576.0,576.0,534.0
2016-03-19 04:57:00,429.0,392.6915150225001,576.0,576.0,534.0
2016-03-19 05:39:00,424.0,443.8586377417838,576.0,576.0,551.0
2016-03-19 06:40:00,805.0,633.9246874727746,576.0,576.0,554.5
2016-03-19 06:47:00,702.0,584.3102655814833,576.0,576.0,554.5
2016-03-19 06:55:00,762.0,668.931842215583,576.0,576.0,554.5
2016-03-19 07:46:00,727.0,831.9114984819363,576.0,576.0,625.0
2016-03-19 08:04:00,674.0,679.8246687624223,576.0,576.0,674.5
2016-03-19 08:48:00,571.0,605.1510103915085,576.0,576.0,674.5
2016-03-19 08:50:00,570.0,630.3260922815812,576.0,576.0,674.5
2016-03-19 09:01:00,431.0,453.25002558339384,576.0,576.0,643.0
2016-03-19 09:35:00,701.0,764.2075865759421,576.0,576.0,643.0
2016-03-19 10:13:00,662.0,609.7615214857118,576.0,576.0,537.0
2016-03-19 10:26:00,682.0,559.2501289918702,576.0,576.0,537.0
2016-03-19 10:39:00,145.0,398.6745217443268,576.0,576.0,537.0
2016-03-19 10:45:00,652.0,724.3421749127697,576.0,576.0,537.0
2016-03-19 11:10:00,309.0,403.71234705100386,576.0,576.0,520.0
2016-03-19 11:39:00,496.0,577.7201599228082,576.0,576.0,520.0
2016-03-19 11:42:00,624.0,667.2617448322429,576.0,576.0,520.0
2016-03-19 11:48:00,555.0,474.68412874799634,576.0,576.0,520.0
2016-03-19 11:54:00,399.0,365.39416538344034,576.0,576.0,520.0
2016-03-19 12:09:00,430.0,445.0181024771564,576.0,576.0,541.5
2016-03-19 12:27:00,622.0,568.7912983468128,576.0,576.0,541.5
2016-03-19 12:55:00,470.0,502.38174399391994,576.0,576.0,541.5
2016-03-19 13:15:00,561.0,657.1107550377305,576.0,576.0,557.0
2016-03-19 13:36:00,231.0,455.70482157446867,576.0,576.0,557.0
2016-03-19 13:42:00,658.0,455.5931627924891,576.0,576.0,557.0
2016-03-19 13:46:00,413.0,459.59879869920735,576.0,576.0,557.0
2016-03-19 13:58:00,575.0,510.6400938363319,576.0,576.0,557.0
2016-03-19 14:00:00,530.0,511.64201018474535,576.0,576.0,552.0
2016-03-19 14:05:00,100.0,325.7673739562105,576.0,576.0,552.0
2016-03-19 14:08:00,1021.0,944.3333553079028,576.0,576.0,552.0
2016-03-19 14:32:00,308.0,411.8335764498545,576.0,576.0,552.0
2016-03-19 15:01:00,521.0,442.7049139508247,576.0,576.0,564.5
2016-03-19 15:10:00,627.0,688.0236206977933,576.0,576.0,564.5
2016-03-19 15:11:00,422.0,465.47050476317236,576.0,576.0,564.5
2016-03-19 15:22:00,852.0,846.9540751756093,576.0,576.0,564.5
2016-03-19 15:33:00,685.0,537.4731456508578,576.0,576.0,564.5
2016-03-19 15:57:00,440.0,434.82833318598347,576.0,576.0,564.5
2016-03-19 16:23:00,847.0,744.066060095072,576.0,576.0,657.0
2016-03-19 16:54:00,706.0,617.4866747182789,576.0,576.0,657.0
2016-03-19 17:49:00,841.0,789.3978255014657,576.0,576.0,611.0
2016-03-19 17:54:00,751.0,893.683857981487,576.0,576.0,611.0
2016-03-19 17:57:00,583.0,639.1313243984947,576.0,576.0,611.0
2016-03-19 17:58:00,822.0,710.5278810276843,576.0,576.0,611.0
2016-03-19 18:08:00,644.0,559.5407072908966,576.0,576.0,644.5
2016-03-19 18:09:00,418.0,384.35786742154113,576.0,576.0,644.5
2016-03-19 18:21:00,768.0,593.7561139214282,576.0,576.0,644.5
2016-03-19 18:35:00,678.0,717.588257588912,576.0,576.0,644.5
2016-03-19 19:10:00,553.0,525.4200078417462,576.0,576.0,640.0
2016-03-19 20:15:00,750.0,664.5741541331349,576.0,576.0,538.0
2016-03-19 21:09:00,653.0,561.2055622488053,576.0,576.0,542.5
2016-03-19 21:11:00,348.0,417.4880633657363,576.0,576.0,542.5
2016-03-19 21:13:00,546.0,483.7561156045919,576.0,576.0,542.5
2016-03-19 21:23:00,590.0,653.4913030712098,576.0,576.0,542.5
2016-03-19 21:25:00,490.0,437.10945669677295,576.0,576.0,542.5
2016-03-19 23:40:00,523.0,483.17616225857114,576.0,576.0,559.0
2016-03-20 00:30:00,523.0,514.2327659084879,576.0,576.0,551.0
2016-03-20 00:58:00,897.0,690.1990621954232,576.0,576.0,551.0
2016-03-20 01:11:00,685.0,586.2590726286699,576.0,576.0,502.0
2016-03-20 01:15:00,702.0,601.0953783090077,576.0,576.0,502.0
2016-03-20 01:17:00,672.0,671.1090557121975,576.0,576.0,502.0
2016-03-20 01:40:00,566.0,543.2326423135605,576.0,576.0,502.0
2016-03-20 02:07:00,552.0,434.3951924171468,576.0,576.0,534.0
2016-03-20 02:15:00,429.0,341.6499266304903,576.0,576.0,534.0
2016-03-20 02:27:00,680.0,638.3838816072848,576.0,576.0,534.0
2016-03-20 02:59:00,453.0,376.68043205226365,576.0,576.0,534.0
2016-03-20 03:21:00,689.0,467.1359739143024,576.0,576.0,531.5
2016-03-20 03:38:00,320.0,373.4923637137304,576.0,576.0,531.5
2016-03-20 03:58:00,640.0,521.0381028957709,576.0,576.0,531.5
2016-03-20 04:02:00,670.0,788.9877623275917,576.0,576.0,534.0
2016-03-20 04:05:00,719.0,631.3551651998193,576.0,576.0,534.0
2016-03-20 05:01:00,712.0,544.4624696875978,576.0,576.0,551.0
2016-03-20 05:32:00,586.0,512.3212580415603,576.0,576.0,551.0
2016-03-20 05:41:00,595.0,535.2169355882681,576.0,576.0,551.0
2016-03-20 06:50:00,316.0,428.0915944728225,576.0,576.0,554.5
2016-03-20 07:26:00,660.0,597.8274935385971,576.0,576.0,625.0
2016-03-20 07:28:00,714.0,619.882173399492,576.0,576.0,625.0
2016-03-20 07:49:00,638.0,480.7164612729363,576.0,576.0,625.0
2016-03-20 07:51:00,368.0,422.8282271308978,576.0,576.0,625.0
2016-03-20 08:18:00,743.0,552.8480460218351,576.0,576.0,674.5
2016-03-20 08:31:00,1044.0,1029.1956897038522,576.0,576.0,674.5
2016-03-20 08:53:00,467.0,546.3119619115788,576.0,576.0,674.5
2016-03-20 09:11:00,639.0,660.1441445782436,576.0,576.0,643.0
2016-03-20 09:15:00,897.0,791.8591706510613,576.0,576.0,643.0
2016-03-20 09:58:00,357.0,461.33978849533486,576.0,576.0,643.0
2016-03-20 10:40:00,943.0,753.5930198881953,576.0,576.0,537.0
2016-03-20 11:01:00,376.0,390.20293795459185,576.0,576.0,520.0
2016-03-20 11:02:00,553.0,534.2352845165395,576.0,576.0,520.0
2016-03-20 11:14:00,382.0,458.1586696836944,576.0,576.0,520.0
2016-03-20 11:15:00,605.0,474.95488544155205,576.0,576.0,520.0
2016-03-20 12:59:00,731.0,779.6917061181977,576.0,576.0,541.5
2016-03-20 13:37:00,383.0,387.6898164549899,576.0,576.0,557.0
2016-03-20 15:22:00,338.0,400.72739836596423,576.0,576.0,564.5
2016-03-20 15:25:00,762.0,836.2511078596136,576.0,576.0,564.5
2016-03-20 15:44:00,685.0,578.9498559333364,576.0,576.0,564.5
2016-03-20 17:23:00,459.0,503.1442660028346,576.0,576.0,611.0
2016-03-20 17:28:00,829.0,602.0864288825421,576.0,576.0,611.0
2016-03-20 17:29:00,569.0,565.998220876372,576.0,576.0,611.0
2016-03-20 17:44:00,616.0,626.7934896105361,576.0,576.0,611.0
2016-03-20 17:55:00,721.0,742.2483174152309,576.0,576.0,611.0
2016-03-20 18:05:00,650.0,710.2963242422686,576.0,576.0,644.5
2016-03-20 18:54:00,985.0,1057.1423333366656,576.0,576.0,644.5
2016-03-20 19:07:00,739.0,744.2066570462896,576.0,576.0,640.0
2016-03-20 20:14:00,553.0,484.76889009847287,576.0,576.0,538.0
2016-03-20 20:15:00,719.0,685.6508586225466,576.0,576.0,538.0
2016-03-20 20:21:00,344.0,409.5824600458962,576.0,576.0,538.0
2016-03-20 20:36:00,296.0,419.28063136545455,576.0,576.0,538.0
2016-03-20 20:39:00,899.0,1039.5878207405137,576.0,576.0,538.0
2016-03-20 20:46:00,267.0,408.0918842029641,576.0,576.0,538.0
2016-03-20 21:44:00,680.0,544.3585303187825,576.0,576.0,542.5
2016-03-20 22:04:00,610.0,597.9097186787951,576.0,576.0,569.0
2016-03-20 23:00:00,382.0,366.70598380965237,576.0,576.0,559.0
2016-03-20 23:04:00,429.0,482.2236876530827,576.0,576.0,559.0
2016-03-20 23:24:00,593.0,587.2461836986681,576.0,576.0,559.0
2016-03-20 23:42:00,788.0,607.653740994623,576.0,576.0,559.0
2016-03-21 00:41:00,528.0,760.040290415017,576.0,576.0,551.0
2016-03-21 02:20:00,534.0,507.46769947116275,576.0,576.0,534.0
2016-03-21 02:26:00,597.0,445.32446175881995,576.0,576.0,534.0
2016-03-21 02:26:00,579.0,479.7628892195776,576.0,576.0,534.0
2016-03-21 02:26:00,583.0,585.3683591471636,576.0,576.0,534.0
2016-03-21 02:31:00,537.0,460.35683864853496,576.0,576.0,534.0
2016-03-21 02:34:00,871.0,705.9451041335365,576.0,576.0,534.0
2016-03-21 04:06:00,545.0,493.34740363568295,576.0,576.0,534.0
2016-03-21 04:56:00,885.0,752.5558213429646,576.0,576.0,534.0
2016-03-21 06:08:00,866.0,831.117663015438,576.0,576.0,554.5
2016-03-21 06:28:00,490.0,353.2763313267949,576.0,576.0,554.5
2016-03-21 06:42:00,388.0,344.04359156200434,576.0,576.0,554.5
2016-03-21 07:24:00,747.0,569.4695762062686,576.0,576.0,625.0
2016-03-21 07:33:00,934.0,665.1579742847456,576.0,576.0,625.0
2016-03-21 07:38:00,588.0,618.8383042084432,576.0,576.0,625.0
2016-03-21 08:33:00,513.0,389.86940931835505,576.0,576.0,674.5
2016-03-21 08:36:00,486.0,560.1879653647391,576.0,576.0,674.5
2016-03-21 08:50:00,934.0,808.8351844242026,576.0,576.0,674.5
2016-03-21 09:35:00,372.0,472.26992657144444,576.0,576.0,643.0
2016-03-21 09:57:00,564.0,603.4317692688586,576.0,576.0,643.0
2016-03-21 10:06:00,359.0,461.86500124606835,576.0,576.0,537.0
2016-03-21 10:13:00,435.0,504.0141308365549,576.0,576.0,537.0
2016-03-21 11:03:00,353.0,323.56346321526513,576.0,576.0,520.0
2016-03-21 11:22:00,707.0,792.8759185914679,576.0,576.0,520.0
2016-03-21 11:30:00,423.0,395.556713848183,576.0,576.0,520.0
2016-03-21 12:02:00,678.0,579.5185799633464,576.0,576.0,541.5
2016-03-21 12:04:00,260.0,369.02253752908825,576.0,576.0,541.5
2016-03-21 12:48:00,580.0,598.6081263423816,576.0,576.0,541.5
2016-03-21 13:05:00,381.0,405.4016534619324,576.0,576.0,557.0
2016-03-21 13:31:00,630.0,647.4293150541055,576.0,576.0,557.0
2016-03-21 13:52:00,773.0,449.4506988566388,576.0,576.0,557.0
2016-03-21 14:04:00,665.0,716.7700414472959,576.0,576.0,552.0
2016-03-21 14:43:00,404.0,467.42083964233046,576.0,576.0,552.0
2016-03-21 15:00:00,506.0,405.44364476099645,576.0,576.0,564.5
2016-03-21 15:18:00,458.0,512.4976184271571,576.0,576.0,564.5
2016-03-21 15:30:00,762.0,739.5337112090355,576.0,576.0,564.5
2016-03-21 15:56:00,608.0,611.0469546788459,576.0,576.0,564.5
2016-03-21 16:32:00,851.0,756.8878695341128,576.0,576.0,657.0
2016-03-21 16:34:00,582.0,581.8717518823651,576.0,576.0,657.0
2016-03-21 16:51:00,781.0,604.588663247987,576.0,576.0,657.0
2016-03-21 17:12:00,733.0,747.2328555623741,576.0,576.0,611.0
2016-03-21 17:28:00,734.0,797.2949894272606,576.0,576.0,611.0
2016-03-21 17:58:00,358.0,474.2883584312625,576.0,576.0,611.0
2016-03-21 18:27:00,370.0,615.3864013026556,576.0,576.0,644.5
2016-03-21 18:40:00,550.0,413.7419149836566,576.0,576.0,644.5
2016-03-21 18:42:00,834.0,855.8138903264824,576.0,576.0,644.5
2016-03-21 19:36:00,751.0,752.8541695674716,576.0,576.0,640.0
2016-03-21 19:50:00,431.0,472.6798761730469,576.0,576.0,640.0
2016-03-21 20:12:00,293.0,397.66777530521716,576.0,576.0,538.0
2016-03-21 21:12:00,679.0,736.586794577266,576.0,576.0,542.5
2016-03-21 21:14:00,429.0,468.5764558848449,576.0,576.0,542.5
2016-03-21 21:16:00,481.0,380.43028591211555,576.0,576.0,542.5
2016-03-21 21:30:00,643.0,544.7797783301174,576.0,576.0,542.5
2016-03-21 21:44:00,631.0,546.1851149290945,576.0,576.0,542.5
2016-03-21 22:19:00,611.0,526.0292920803698,576.0,576.0,569.0
2016-03-21 22:20:00,360.0,374.2823955348097,576.0,576.0,569.0
2016-03-21 22:26:00,390.0,380.64895744364946,576.0,576.0,569.0
2016-03-21 22:46:00,882.0,705.11423519611,576.0,576.0,569.0
2016-03-21 23:00:00,631.0,628.8569740003549,576.0,576.0,559.0
2016-03-21 23:30:00,546.0,497.0931110554968,576.0,576.0,559.0
2016-03-21 23:33:00,509.0,517.3788210049504,576.0,576.0,559.0
2016-03-21 23:36:00,953.0,1190.2557716553674,576.0,576.0,559.0
2016-03-21 23:43:00,215.0,408.63937574797376,576.0,576.0,559.0
2016-03-21 23:50:00,557.0,599.959091368739,576.0,576.0,559.0
2016-03-22 00:18:00,696.0,573.6808647892273,576.0,576.0,551.0
2016-03-22 00:24:00,466.0,513.0666396340623,576.0,576.0,551.0
2016-03-22 00:51:00,790.0,601.3150576515845,576.0,576.0,551.0
2016-03-22 00:52:00,759.0,862.1044371328393,576.0,576.0,551.0
2016-03-22 00:57:00,377.0,461.0280165780186,576.0,576.0,551.0
2016-03-22 01:03:00,469.0,454.4717133050369,576.0,576.0,502.0
2016-03-22 01:41:00,362.0,396.93987565857003,576.0,576.0,502.0
2016-03-22 01:53:00,611.0,520.9309578551995,576.0,576.0,502.0
2016-03-22 02:03:00,555.0,756.3665141025975,576.0,576.0,534.0
2016-03-22 02:38:00,580.0,479.4735452878225,576.0,576.0,534.0
2016-03-22 03:16:00,322.0,398.34820994837236,576.0,576.0,531.5
2016-03-22 03:31:00,804.0,829.7578221697089,576.0,576.0,531.5
2016-03-22 03:41:00,753.0,524.6518849359677,576.0,576.0,531.5
2016-03-22 05:03:00,458.0,391.1179599517704,576.0,576.0,551.0
2016-03-22 05:13:00,393.0,400.6789848925189,576.0,576.0,551.0
2016-03-22 05:52:00,540.0,504.02892845089525,576.0,576.0,551.0
2016-03-22 05:55:00,557.0,454.7747124492579,576.0,576.0,551.0
2016-03-22 06:22:00,275.0,447.2696483116144,576.0,576.0,554.5
2016-03-22 06:55:00,554.0,491.0032486969365,576.0,576.0,554.5
2016-03-22 07:35:00,351.0,545.9763827294499,576.0,576.0,625.0
2016-03-22 07:53:00,634.0,687.5289122408362,576.0,576.0,625.0
2016-03-22 07:54:00,391.0,460.0374070540331,576.0,576.0,625.0
2016-03-22 07:56:00,491.0,509.7027226480965,576.0,576.0,625.0
2016-03-22 08:01:00,902.0,922.472246421265,576.0,576.0,674.5
2016-03-22 08:19:00,635.0,594.5647437115016,576.0,576.0,674.5
2016-03-22 08:43:00,510.0,754.880117526849,576.0,576.0,674.5
2016-03-22 09:31:00,537.0,571.0205537907267,576.0,576.0,643.0
2016-03-22 09:41:00,660.0,633.8518177572893,576.0,576.0,643.0
2016-03-22 09:42:00,798.0,661.8869554282932,576.0,576.0,643.0
2016-03-22 09:57:00,680.0,796.2452636598854,576.0,576.0,643.0
2016-03-22 10:08:00,803.0,577.1549071781003,576.0,576.0,537.0
2016-03-22 10:09:00,887.0,817.7246577377831,576.0,576.0,537.0
2016-03-22 10:32:00,893.0,666.5511856581826,576.0,576.0,537.0
2016-03-22 10:52:00,370.0,370.91313395802274,576.0,576.0,537.0
2016-03-22 10:52:00,674.0,699.9340055510046,576.0,576.0,537.0
2016-03-22 10:57:00,653.0,481.3123363195468,576.0,576.0,537.0
2016-03-22 11:34:00,444.0,608.4905941984945,576.0,576.0,520.0
2016-03-22 11:40:00,376.0,438.5425009146179,576.0,576.0,520.0
2016-03-22 11:43:00,711.0,771.6154849470748,576.0,576.0,520.0
2016-03-22 11:53:00,250.0,358.87000258345654,576.0,576.0,520.0
2016-03-22 12:09:00,460.0,536.2986444677136,576.0,576.0,541.5
2016-03-22 12:29:00,313.0,404.86813799689855,576.0,576.0,541.5
2016-03-22 12:44:00,577.0,579.3843960384108,576.0,576.0,541.5
2016-03-22 13:05:00,458.0,392.29263522781207,576.0,576.0,557.0
2016-03-22 13:12:00,315.0,427.25167262586683,576.0,576.0,557.0
2016-03-22 13:56:00,709.0,544.697843074569,576.0,576.0,557.0
2016-03-22 14:17:00,574.0,478.27079735842665,576.0,576.0,552.0
2016-03-22 14:18:00,229.0,431.0835888853435,576.0,576.0,552.0
2016-03-22 15:10:00,612.0,465.75085814487807,576.0,576.0,564.5
2016-03-22 15:13:00,428.0,492.5441050066541,576.0,576.0,564.5
2016-03-22 15:28:00,973.0,1060.888931512609,576.0,576.0,564.5
2016-03-22 15:49:00,434.0,384.8405495521864,576.0,576.0,564.5
2016-03-22 15:53:00,522.0,523.7301720531703,576.0,576.0,564.5
2016-03-22 16:03:00,510.0,631.0402259192167,576.0,576.0,657.0
2016-03-22 16:26:00,839.0,640.1569206741692,576.0,576.0,657.0
2016-03-22 17:36:00,916.0,814.0418543770953,576.0,576.0,611.0
2016-03-22 17:38:00,413.0,669.9108302760696,576.0,576.0,611.0
2016-03-22 17:41:00,604.0,574.650532165313,576.0,576.0,611.0
2016-03-22 18:09:00,533.0,538.0341629627808,576.0,576.0,644.5
2016-03-22 19:57:00,693.0,685.9887909652005,576.0,576.0,640.0
2016-03-22 20:34:00,334.0,474.8531626902069,576.0,576.0,538.0
2016-03-22 21:17:00,560.0,404.3428012478244,576.0,576.0,542.5
2016-03-22 22:10:00,210.0,410.2286092660527,576.0,576.0,569.0
2016-03-22 22:10:00,454.0,433.5586560744479,576.0,576.0,569.0
2016-03-23 00:11:00,635.0,502.5541093095632,576.0,576.0,551.0
2016-03-23 00:26:00,418.0,409.4335517277936,576.0,576.0,551.0
2016-03-23 00:53:00,552.0,584.5583872071509,576.0,576.0,551.0
2016-03-23 01:19:00,570.0,651.3602333061947,576.0,576.0,502.0
2016-03-23 01:42:00,599.0,419.32183379825307,576.0,576.0,502.0
2016-03-23 02:37:00,557.0,559.0351729852379,576.0,576.0,534.0
2016-03-23 02:39:00,463.0,475.1857639833594,576.0,576.0,534.0
2016-03-23 02:43:00,609.0,506.7472300543132,576.0,576.0,534.0
2016-03-23 02:47:00,178.0,391.7623787009553,576.0,576.0,534.0
2016-03-23 03:14:00,628.0,468.3380887916552,576.0,576.0,531.5
2016-03-23 03:26:00,594.0,472.19681499257933,576.0,576.0,531.5
2016-03-23 03:42:00,757.0,540.4548758019407,576.0,576.0,531.5
2016-03-23 04:01:00,465.0,447.07145973744963,576.0,576.0,534.0
2016-03-23 04:17:00,535.0,589.5049939365654,576.0,576.0,534.0
2016-03-23 04:29:00,380.0,425.26872641916475,576.0,576.0,534.0
2016-03-23 04:31:00,392.0,481.5467458319505,576.0,576.0,534.0
2016-03-23 04:37:00,459.0,478.42138252335275,576.0,576.0,534.0
2016-03-23 05:10:00,404.0,418.42122375180776,576.0,576.0,551.0
2016-03-23 05:15:00,835.0,784.8830531160053,576.0,576.0,551.0
2016-03-23 05:16:00,323.0,380.92208547263334,576.0,576.0,551.0
2016-03-23 05:16:00,618.0,681.294550405543,576.0,576.0,551.0
2016-03-23 06:01:00,465.0,574.6287497476336,576.0,576.0,554.5
2016-03-23 06:30:00,483.0,462.8432076800569,576.0,576.0,554.5
2016-03-23 06:38:00,432.0,500.32152752294405,576.0,576.0,554.5
2016-03-23 06:57:00,863.0,712.2277874371999,576.0,576.0,554.5
2016-03-23 07:27:00,613.0,673.5238216817293,576.0,576.0,625.0
2016-03-23 08:07:00,885.0,879.7622827099732,576.0,576.0,674.5
2016-03-23 08:39:00,882.0,818.677209445759,576.0,576.0,674.5
2016-03-23 08:52:00,1001.0,1186.8242877419018,576.0,576.0,674.5
2016-03-23 09:01:00,906.0,854.4552560551676,576.0,576.0,643.0
2016-03-23 09:23:00,676.0,626.4475872043395,576.0,576.0,643.0
2016-03-23 09:32:00,744.0,787.5130590134615,576.0,576.0,643.0
2016-03-23 09:32:00,425.0,491.63767828856936,576.0,576.0,643.0
2016-03-23 09:43:00,635.0,680.4856449624015,576.0,576.0,643.0
2016-03-23 11:03:00,777.0,622.8022911305607,576.0,576.0,520.0
2016-03-23 11:13:00,528.0,451.5596416443849,576.0,576.0,520.0
2016-03-23 11:49:00,401.0,429.6126015331016,576.0,576.0,520.0
2016-03-23 12:12:00,495.0,524.900886629999,576.0,576.0,541.5
2016-03-23 12:19:00,351.0,366.5361913441673,576.0,576.0,541.5
2016-03-23 13:03:00,986.0,860.8485340401351,576.0,576.0,557.0
2016-03-23 13:35:00,401.0,453.17240606033084,576.0,576.0,557.0
2016-03-23 14:02:00,555.0,440.88827914937167,576.0,576.0,552.0
2016-03-23 14:29:00,817.0,642.340464380862,576.0,576.0,552.0
2016-03-23 14:47:00,692.0,615.5340041373104,576.0,576.0,552.0
2016-03-23 14:50:00,599.0,666.2822110245108,576.0,576.0,552.0
2016-03-23 15:29:00,620.0,594.9653696637898,576.0,576.0,564.5
2016-03-23 16:20:00,537.0,397.80593195897046,576.0,576.0,657.0
2016-03-23 16:51:00,666.0,653.9902871582492,576.0,576.0,657.0
2016-03-23 18:12:00,743.0,781.6484562292071,576.0,576.0,644.5
2016-03-23 18:26:00,682.0,665.5924573778904,576.0,576.0,644.5
2016-03-23 19:01:00,573.0,578.3195894705698,576.0,576.0,640.0
2016-03-23 19:25:00,674.0,779.3700686093422,576.0,576.0,640.0
2016-03-23 19:29:00,416.0,516.8590114411264,576.0,576.0,640.0
2016-03-23 19:39:00,498.0,524.9278585886573,576.0,576.0,640.0
2016-03-23 19:44:00,774.0,663.7922664397335,576.0,576.0,640.0
2016-03-23 19:49:00,788.0,622.4373501503356,576.0,576.0,640.0
2016-03-23 20:29:00,244.0,322.8297953270498,576.0,576.0,538.0
2016-03-23 20:30:00,808.0,669.8288629249922,576.0,576.0,538.0
2016-03-23 20:47:00,763.0,577.2732889764972,576.0,576.0,538.0
2016-03-23 21:13:00,779.0,709.8636431263177,576.0,576.0,542.5
2016-03-23 21:15:00,421.0,433.43553574109103,576.0,576.0,542.5
2016-03-23 21:58:00,490.0,462.33310643025925,576.0,576.0,542.5
2016-03-23 21:59:00,567.0,454.327007578395,576.0,576.0,542.5
2016-03-23 22:00:00,579.0,629.830056360869,576.0,576.0,569.0
2016-03-23 22:12:00,556.0,408.6343363323328,576.0,576.0,569.0
2016-03-23 22:54:00,660.0,643.7990871518712,576.0,576.0,569.0
2016-03-23 23:00:00,526.0,527.4748884117507,576.0,576.0,559.0
2016-03-23 23:28:00,418.0,477.2787460289164,576.0,576.0,559.0
2016-03-23 23:40:00,722.0,935.2494181022994,576.0,576.0,559.0
2016-03-23 23:59:00,552.0,609.4397904155657,576.0,576.0,559.0
2016-03-24 00:58:00,269.0,360.8404939354125,576.0,576.0,551.0
2016-03-24 01:02:00,290.0,444.93155374050536,576.0,576.0,502.0
2016-03-24 01:47:00,305.0,371.89880597188227,576.0,576.0,502.0
2016-03-24 02:12:00,566.0,660.2062513339453,576.0,576.0,534.0
2016-03-24 02:35:00,126.0,318.6274691010606,576.0,576.0,534.0
2016-03-24 02:46:00,633.0,587.4091336009093,576.0,576.0,534.0
2016-03-24 02:48:00,289.0,337.13840504731263,576.0,576.0,534.0
2016-03-24 03:24:00,422.0,551.6393208499185,576.0,576.0,531.5
2016-03-24 03:55:00,446.0,448.5258154655295,576.0,576.0,531.5
2016-03-24 04:45:00,661.0,503.80695433925064,576.0,576.0,534.0
2016-03-24 05:00:00,342.0,424.69749830623095,576.0,576.0,551.0
2016-03-24 05:20:00,450.0,554.557512112416,576.0,576.0,551.0
2016-03-24 05:42:00,619.0,685.0227466517601,576.0,576.0,551.0
2016-03-24 05:48:00,470.0,499.6460060157828,576.0,576.0,551.0
2016-03-24 06:15:00,646.0,550.0684156381202,576.0,576.0,554.5
2016-03-24 06:18:00,603.0,540.4326527811374,576.0,576.0,554.5
2016-03-24 06:25:00,525.0,674.4897765602597,576.0,576.0,554.5
2016-03-24 06:59:00,413.0,379.5349145284786,576.0,576.0,554.5
2016-03-24 07:43:00,647.0,643.601637964722,576.0,576.0,625.0
2016-03-24 08:11:00,566.0,601.6953577097867,576.0,576.0,674.5
2016-03-24 08:26:00,609.0,646.4837122403338,576.0,576.0,674.5
2016-03-24 08:57:00,964.0,1084.801669996516,576.0,576.0,674.5
2016-03-24 09:16:00,540.0,512.415977297788,576.0,576.0,643.0
2016-03-24 09:24:00,583.0,567.0228805181463,576.0,576.0,643.0
2016-03-24 09:52:00,606.0,477.16269896176124,576.0,576.0,643.0
2016-03-24 10:24:00,804.0,748.0558204529642,576.0,576.0,537.0
2016-03-24 11:33:00,641.0,594.8934157686584,576.0,576.0,520.0
2016-03-24 11:34:00,507.0,443.80018995587136,576.0,576.0,520.0
2016-03-24 12:31:00,662.0,761.9644802324775,576.0,576.0,541.5
2016-03-24 12:41:00,274.0,438.530452356571,576.0,576.0,541.5
2016-03-24 12:42:00,246.0,401.0951448697535,576.0,576.0,541.5
2016-03-24 13:53:00,543.0,389.77023124702714,576.0,576.0,557.0
2016-03-24 14:03:00,484.0,573.7169078914774,576.0,576.0,552.0
2016-03-24 14:39:00,433.0,515.6902658675849,576.0,576.0,552.0
2016-03-24 14:44:00,543.0,527.4841321277454,576.0,576.0,552.0
2016-03-24 15:01:00,467.0,427.04329030543204,576.0,576.0,564.5
2016-03-24 15:18:00,937.0,867.4904493583022,576.0,576.0,564.5
2016-03-24 15:18:00,655.0,628.1598304980278,576.0,576.0,564.5
2016-03-24 15:31:00,852.0,923.3008245363022,576.0,576.0,564.5
2016-03-24 15:46:00,740.0,606.0953950459503,576.0,576.0,564.5
2016-03-24 16:19:00,709.0,683.2565628665814,576.0,576.0,657.0
2016-03-24 17:07:00,733.0,720.508209463219,576.0,576.0,611.0
2016-03-24 17:07:00,430.0,458.2736972627795,576.0,576.0,611.0
2016-03-24 17:09:00,966.0,771.1123267070496,576.0,576.0,611.0
2016-03-24 17:14:00,523.0,490.3821169034456,576.0,576.0,611.0
2016-03-24 17:20:00,983.0,955.7039979224531,576.0,576.0,611.0
2016-03-24 17:37:00,499.0,478.31058077455504,576.0,576.0,611.0
2016-03-24 17:43:00,919.0,933.4365327302474,576.0,576.0,611.0
2016-03-24 17:45:00,707.0,699.2161131140898,576.0,576.0,611.0
2016-03-24 18:39:00,682.0,563.5879567119559,576.0,576.0,644.5
2016-03-24 18:56:00,614.0,576.803489070121,576.0,576.0,644.5
2016-03-24 19:13:00,435.0,453.37980446335933,576.0,576.0,640.0
2016-03-24 19:31:00,447.0,609.3626024846859,576.0,576.0,640.0
2016-03-24 19:50:00,471.0,436.31295011581557,576.0,576.0,640.0
2016-03-24 20:35:00,741.0,625.2487856418443,576.0,576.0,538.0
2016-03-24 21:10:00,265.0,436.36030174210345,576.0,576.0,542.5
2016-03-24 21:14:00,592.0,446.34992010515924,576.0,576.0,542.5
2016-03-24 21:20:00,860.0,695.1083276590326,576.0,576.0,542.5
2016-03-24 21:31:00,640.0,636.1583264925769,576.0,576.0,542.5
2016-03-24 22:47:00,633.0,593.2309272992555,576.0,576.0,569.0
2016-03-24 23:12:00,548.0,513.1095080154267,576.0,576.0,559.0
2016-03-24 23:24:00,828.0,647.4915228956788,576.0,576.0,559.0
2016-03-24 23:34:00,599.0,526.5859979171726,576.0,576.0,559.0
2016-03-24 23:57:00,789.0,658.6923843098319,576.0,576.0,559.0
2016-03-25 00:17:00,627.0,482.58082305366815,576.0,576.0,551.0
2016-03-25 00:18:00,857.0,768.2641127334269,576.0,576.0,551.0
2016-03-25 00:35:00,315.0,365.5605223031267,576.0,576.0,551.0
2016-03-25 00:39:00,672.0,732.8228422301896,576.0,576.0,551.0
2016-03-25 00:45:00,421.0,476.89255327360667,576.0,576.0,551.0
2016-03-25 01:21:00,487.0,431.2433870839117,576.0,576.0,502.0
2016-03-25 01:40:00,730.0,746.471590676761,576.0,576.0,502.0
2016-03-25 01:44:00,479.0,523.9095540867366,576.0,576.0,502.0
2016-03-25 01:54:00,563.0,449.911510468406,576.0,576.0,502.0
2016-03-25 02:27:00,704.0,678.8539578916472,576.0,576.0,534.0
2016-03-25 02:49:00,593.0,428.730931028614,576.0,576.0,534.0
2016-03-25 02:55:00,689.0,691.2742654235863,576.0,576.0,534.0
2016-03-25 02:58:00,425.0,441.7801462004185,576.0,576.0,534.0
2016-03-25 03:31:00,459.0,571.3068206003129,576.0,576.0,531.5
2016-03-25 03:36:00,533.0,668.9807306074025,576.0,576.0,531.5
2016-03-25 04:17:00,532.0,483.6641832623896,576.0,576.0,534.0
2016-03-25 05:09:00,333.0,349.80338334287893,576.0,576.0,551.0
2016-03-25 05:31:00,776.0,665.2886132083263,576.0,576.0,551.0
2016-03-25 06:19:00,596.0,443.98650450634364,576.0,576.0,554.5
2016-03-25 07:08:00,699.0,545.0163648056113,576.0,576.0,625.0
2016-03-25 07:13:00,390.0,455.20542285017245,576.0,576.0,625.0
2016-03-25 07:21:00,869.0,816.7297172988956,576.0,576.0,625.0
2016-03-25 07:49:00,486.0,429.62964152654604,576.0,576.0,625.0
2016-03-25 08:00:00,553.0,540.300195111469,576.0,576.0,674.5
2016-03-25 08:04:00,303.0,496.32224098719706,576.0,576.0,674.5
2016-03-25 09:00:00,486.0,568.8481528805746,576.0,576.0,643.0
2016-03-25 09:50:00,731.0,560.5652400325606,576.0,576.0,643.0
2016-03-25 10:41:00,413.0,494.684256424184,576.0,576.0,537.0
2016-03-25 10:48:00,743.0,710.7709980757791,576.0,576.0,537.0
2016-03-25 10:59:00,638.0,520.811872226316,576.0,576.0,537.0
2016-03-25 11:03:00,485.0,539.0179688769502,576.0,576.0,520.0
2016-03-25 11:05:00,681.0,578.8211118485648,576.0,576.0,520.0
2016-03-25 11:07:00,387.0,396.42326671219405,576.0,576.0,520.0
2016-03-25 11:11:00,264.0,376.00925857381344,576.0,576.0,520.0
2016-03-25 11:59:00,298.0,343.0484109005213,576.0,576.0,520.0
2016-03-25 12:06:00,575.0,647.2571823366862,576.0,576.0,541.5
2016-03-25 14:23:00,485.0,442.3086875084378,576.0,576.0,552.0
2016-03-25 14:51:00,870.0,742.7033145126933,576.0,576.0,552.0
2016-03-25 15:42:00,762.0,614.7988096277678,576.0,576.0,564.5
2016-03-25 15:55:00,660.0,526.2063411460813,576.0,576.0,564.5
2016-03-25 15:57:00,351.0,494.61900162212754,576.0,576.0,564.5
2016-03-25 16:48:00,800.0,992.513667800579,576.0,576.0,657.0
2016-03-25 17:04:00,364.0,388.4156010474167,576.0,576.0,611.0
2016-03-25 17:15:00,784.0,829.5571265594093,576.0,576.0,611.0
2016-03-25 17:31:00,675.0,648.7339291507078,576.0,576.0,611.0
2016-03-25 17:48:00,715.0,770.3459878645432,576.0,576.0,611.0
2016-03-25 17:58:00,468.0,428.736814618066,576.0,576.0,611.0
2016-03-25 18:01:00,337.0,443.4425604183811,576.0,576.0,644.5
2016-03-25 18:29:00,569.0,561.1528146120585,576.0,576.0,644.5
2016-03-25 18:59:00,740.0,652.2943630538413,576.0,576.0,644.5
2016-03-25 19:15:00,530.0,472.30372167005453,576.0,576.0,640.0
2016-03-25 19:27:00,724.0,762.2348186876415,576.0,576.0,640.0
2016-03-25 19:53:00,573.0,508.69340477100116,576.0,576.0,640.0
2016-03-25 20:07:00,357.0,478.1128924050656,576.0,576.0,538.0
2016-03-25 20:38:00,687.0,539.7694629382881,576.0,576.0,538.0
2016-03-25 20:57:00,611.0,575.8117371653078,576.0,576.0,538.0
2016-03-25 23:30:00,725.0,764.565397081017,576.0,576.0,559.0
2016-03-26 00:00:00,421.0,361.74243622347785,576.0,576.0,551.0
2016-03-26 00:04:00,662.0,621.6958571220331,576.0,576.0,551.0
2016-03-26 00:29:00,538.0,453.8264134488877,576.0,576.0,551.0
2016-03-26 00:46:00,533.0,439.7216360830553,576.0,576.0,551.0
2016-03-26 00:49:00,618.0,591.5914372565148,576.0,576.0,551.0
2016-03-26 01:07:00,861.0,867.5429210512091,576.0,576.0,502.0
2016-03-26 02:17:00,514.0,672.7383648987889,576.0,576.0,534.0
2016-03-26 02:19:00,701.0,668.9653959969853,576.0,576.0,534.0
2016-03-26 02:21:00,393.0,407.44602523940904,576.0,576.0,534.0
2016-03-26 03:05:00,478.0,583.287769643929,576.0,576.0,531.5
2016-03-26 03:10:00,388.0,429.427119788583,576.0,576.0,531.5
2016-03-26 03:34:00,707.0,749.3803821519786,576.0,576.0,531.5
2016-03-26 04:25:00,866.0,767.7696056489688,576.0,576.0,534.0
2016-03-26 04:28:00,252.0,362.2315152428533,576.0,576.0,534.0
2016-03-26 04:32:00,819.0,572.9659718360073,576.0,576.0,534.0
2016-03-26 04:56:00,648.0,602.9318608034404,576.0,576.0,534.0
2016-03-26 06:04:00,867.0,960.3194263605188,576.0,576.0,554.5
2016-03-26 06:06:00,338.0,441.0512888678297,576.0,576.0,554.5
2016-03-26 06:45:00,310.0,496.9088068991398,576.0,576.0,554.5
2016-03-26 06:48:00,667.0,624.7709681662973,576.0,576.0,554.5
2016-03-26 07:08:00,745.0,758.767251414127,576.0,576.0,625.0
2016-03-26 07:37:00,688.0,665.2248219371165,576.0,576.0,625.0
2016-03-26 07:52:00,1004.0,1036.0743460360973,576.0,576.0,625.0
2016-03-26 08:59:00,769.0,948.0484732673978,576.0,576.0,674.5
2016-03-26 09:21:00,561.0,522.0442879619329,576.0,576.0,643.0
2016-03-26 09:50:00,613.0,492.22901527869254,576.0,576.0,643.0
2016-03-26 10:25:00,529.0,444.83761183561415,576.0,576.0,537.0
2016-03-26 10:49:00,520.0,532.6696462442126,576.0,576.0,537.0
2016-03-26 10:52:00,425.0,476.6281134042429,576.0,576.0,537.0
2016-03-26 11:40:00,630.0,437.769398437185,576.0,576.0,520.0
2016-03-26 12:20:00,692.0,621.69358804451,576.0,576.0,541.5
2016-03-26 12:46:00,416.0,413.14961039389266,576.0,576.0,541.5
2016-03-26 13:02:00,680.0,514.5620932197816,576.0,576.0,557.0
2016-03-26 13:44:00,313.0,386.8802160529864,576.0,576.0,557.0
2016-03-26 13:50:00,534.0,419.2449095401676,576.0,576.0,557.0
2016-03-26 14:02:00,746.0,586.5855376843899,576.0,576.0,552.0
2016-03-26 14:31:00,673.0,718.7051826308527,576.0,576.0,552.0
2016-03-26 14:41:00,461.0,623.0849867220232,576.0,576.0,552.0
2016-03-26 14:53:00,431.0,392.2176672634762,576.0,576.0,552.0
2016-03-26 14:53:00,731.0,621.2224880795134,576.0,576.0,552.0
2016-03-26 15:02:00,730.0,706.8417383932799,576.0,576.0,564.5
2016-03-26 15:03:00,831.0,726.1206674937226,576.0,576.0,564.5
2016-03-26 15:17:00,615.0,663.6757724024314,576.0,576.0,564.5
2016-03-26 15:31:00,479.0,456.30228332194315,576.0,576.0,564.5
2016-03-26 15:36:00,542.0,552.1213306897293,576.0,576.0,564.5
2016-03-26 16:49:00,702.0,612.292711077477,576.0,576.0,657.0
2016-03-26 16:56:00,598.0,658.5082617820194,576.0,576.0,657.0
2016-03-26 17:13:00,482.0,590.7254069919516,576.0,576.0,611.0
2016-03-26 17:44:00,231.0,400.10368564337546,576.0,576.0,611.0
2016-03-26 18:06:00,914.0,1118.3544057558329,576.0,576.0,644.5
2016-03-26 18:08:00,857.0,953.673802703032,576.0,576.0,644.5
2016-03-26 18:20:00,478.0,493.3391559266107,576.0,576.0,644.5
2016-03-26 18:35:00,895.0,967.7005967697253,576.0,576.0,644.5
2016-03-26 19:04:00,715.0,888.2168837435291,576.0,576.0,640.0
2016-03-26 19:49:00,421.0,470.0058576670192,576.0,576.0,640.0
2016-03-26 20:02:00,535.0,510.47051349169925,576.0,576.0,538.0
2016-03-26 20:53:00,469.0,524.702316103538,576.0,576.0,538.0
2016-03-26 21:27:00,416.0,454.2905058755324,576.0,576.0,542.5
2016-03-26 21:29:00,633.0,646.3184552081111,576.0,576.0,542.5
2016-03-26 21:47:00,799.0,911.7437802111542,576.0,576.0,542.5
2016-03-26 21:53:00,405.0,444.9047918441237,576.0,576.0,542.5
2016-03-26 22:50:00,456.0,465.98966850924097,576.0,576.0,569.0
2016-03-26 23:01:00,404.0,550.24992390693,576.0,576.0,559.0
2016-03-26 23:04:00,633.0,532.4811449751684,576.0,576.0,559.0
2016-03-26 23:38:00,460.0,350.14543324511885,576.0,576.0,559.0
2016-03-26 23:55:00,382.0,512.229953685117,576.0,576.0,559.0
2016-03-27 00:12:00,380.0,443.81486010889796,576.0,576.0,551.0
2016-03-27 00:20:00,725.0,534.5410546433886,576.0,576.0,551.0
2016-03-27 00:34:00,246.0,459.9533905055827,576.0,576.0,551.0
2016-03-27 00:40:00,803.0,449.7578445879659,576.0,576.0,551.0
2016-03-27 01:01:00,432.0,462.4134751543456,576.0,576.0,502.0
2016-03-27 01:26:00,577.0,561.9909042900625,576.0,576.0,502.0
2016-03-27 01:31:00,558.0,490.13769495737574,576.0,576.0,502.0
2016-03-27 01:46:00,278.0,369.23544876236036,576.0,576.0,502.0
2016-03-27 01:48:00,678.0,652.928249603346,576.0,576.0,502.0
2016-03-27 03:08:00,587.0,661.521217886309,576.0,576.0,531.5
2016-03-27 03:51:00,430.0,475.43022981854915,576.0,576.0,531.5
2016-03-27 04:02:00,557.0,511.58037612616687,576.0,576.0,534.0
2016-03-27 04:22:00,421.0,433.3596905957403,576.0,576.0,534.0
2016-03-27 04:31:00,624.0,467.3598629381391,576.0,576.0,534.0
2016-03-27 05:58:00,549.0,550.2153244420418,576.0,576.0,551.0
2016-03-27 06:37:00,548.0,520.2994999488011,576.0,576.0,554.5
2016-03-27 06:39:00,396.0,532.3619501661183,576.0,576.0,554.5
2016-03-27 06:49:00,622.0,625.5043770904729,576.0,576.0,554.5
2016-03-27 06:52:00,735.0,670.0776694277381,576.0,576.0,554.5
2016-03-27 07:02:00,646.0,647.641970002089,576.0,576.0,625.0
2016-03-27 07:21:00,711.0,651.7579375234465,576.0,576.0,625.0
2016-03-27 08:15:00,507.0,622.8680782350871,576.0,576.0,674.5
2016-03-27 08:46:00,558.0,611.6231232447727,576.0,576.0,674.5
2016-03-27 08:55:00,824.0,681.1621083562752,576.0,576.0,674.5
2016-03-27 09:36:00,758.0,685.8882577920468,576.0,576.0,643.0
2016-03-27 10:31:00,331.0,374.0584601883501,576.0,576.0,537.0
2016-03-27 10:33:00,625.0,582.1469027314315,576.0,576.0,537.0
2016-03-27 10:48:00,611.0,661.0669866712271,576.0,576.0,537.0
2016-03-27 11:30:00,438.0,507.38464515613543,576.0,576.0,520.0
2016-03-27 11:55:00,447.0,446.6622092658843,576.0,576.0,520.0
2016-03-27 11:58:00,647.0,684.3149762838161,576.0,576.0,520.0
2016-03-27 12:12:00,760.0,752.1803952025456,576.0,576.0,541.5
2016-03-27 12:14:00,159.0,391.9977028089427,576.0,576.0,541.5
2016-03-27 12:41:00,684.0,604.3117915971745,576.0,576.0,541.5
2016-03-27 13:18:00,719.0,882.6191727302588,576.0,576.0,557.0
2016-03-27 13:47:00,689.0,927.164785493786,576.0,576.0,557.0
2016-03-27 13:59:00,615.0,533.5577378146766,576.0,576.0,557.0
2016-03-27 14:25:00,512.0,496.26530220493424,576.0,576.0,552.0
2016-03-27 14:35:00,802.0,915.3639080327022,576.0,576.0,552.0
2016-03-27 14:36:00,458.0,460.22273669204907,576.0,576.0,552.0
2016-03-27 14:42:00,464.0,410.425172284912,576.0,576.0,552.0
2016-03-27 15:54:00,470.0,560.1771184540152,576.0,576.0,564.5
2016-03-27 16:02:00,493.0,522.3659475839423,576.0,576.0,657.0
2016-03-27 16:03:00,508.0,475.60884858765263,576.0,576.0,657.0
2016-03-27 16:39:00,748.0,769.3753301424458,576.0,576.0,657.0
2016-03-27 17:39:00,425.0,470.66192865673736,576.0,576.0,611.0
2016-03-27 17:39:00,817.0,701.9544160993239,576.0,576.0,611.0
2016-03-27 17:45:00,350.0,396.4621165905174,576.0,576.0,611.0
2016-03-27 18:04:00,786.0,653.1983864315105,576.0,576.0,644.5
2016-03-27 18:08:00,506.0,482.304599137151,576.0,576.0,644.5
2016-03-27 18:20:00,714.0,512.1981260186191,576.0,576.0,644.5
2016-03-27 18:24:00,630.0,667.3073764409369,576.0,576.0,644.5
2016-03-27 18:47:00,569.0,455.1239406714152,576.0,576.0,644.5
2016-03-27 18:57:00,461.0,452.7299846076072,576.0,576.0,644.5
2016-03-27 19:21:00,320.0,501.43784949941806,576.0,576.0,640.0
2016-03-27 19:44:00,634.0,569.019028786773,576.0,576.0,640.0
2016-03-27 19:54:00,589.0,447.39680175413685,576.0,576.0,640.0
2016-03-27 20:21:00,773.0,539.9144288456066,576.0,576.0,538.0
2016-03-27 20:25:00,535.0,506.89614773346386,576.0,576.0,538.0
2016-03-27 20:29:00,607.0,509.9274496293291,576.0,576.0,538.0
2016-03-27 20:41:00,331.0,407.0359750168173,576.0,576.0,538.0
2016-03-27 22:10:00,479.0,479.652940116224,576.0,576.0,569.0
2016-03-28 00:33:00,731.0,530.8029589229326,576.0,576.0,551.0
2016-03-28 00:53:00,523.0,515.9024876768347,576.0,576.0,551.0
2016-03-28 01:32:00,126.0,405.95261056008434,576.0,576.0,502.0
2016-03-28 01:43:00,699.0,719.9087463027236,576.0,576.0,502.0
2016-03-28 01:47:00,710.0,658.5210506559763,576.0,576.0,502.0
2016-03-28 02:44:00,589.0,598.7342817984782,576.0,576.0,534.0
2016-03-28 03:03:00,628.0,565.5330578550014,576.0,576.0,531.5
2016-03-28 03:09:00,466.0,337.8466866945938,576.0,576.0,531.5
2016-03-28 04:29:00,847.0,678.5218453377171,576.0,576.0,534.0
2016-03-28 04:35:00,657.0,542.3405245901533,576.0,576.0,534.0
2016-03-28 04:41:00,634.0,448.63452457078307,576.0,576.0,534.0
2016-03-28 05:03:00,515.0,421.1389032368648,576.0,576.0,551.0
2016-03-28 05:28:00,174.0,440.20506786705124,576.0,576.0,551.0
2016-03-28 05:37:00,553.0,506.3563288093083,576.0,576.0,551.0
2016-03-28 05:49:00,470.0,392.45968013819953,576.0,576.0,551.0
2016-03-28 06:35:00,527.0,528.0353377047309,576.0,576.0,554.5
2016-03-28 07:13:00,547.0,528.7010903328488,576.0,576.0,625.0
2016-03-28 08:37:00,927.0,1159.2945454764033,576.0,576.0,674.5
2016-03-28 09:57:00,698.0,670.3850521044902,576.0,576.0,643.0
2016-03-28 10:34:00,588.0,437.2686614382244,576.0,576.0,537.0
2016-03-28 10:40:00,565.0,544.0847458351842,576.0,576.0,537.0
2016-03-28 10:48:00,665.0,753.7917609676385,576.0,576.0,537.0
2016-03-28 10:48:00,562.0,543.3289270802794,576.0,576.0,537.0
2016-03-28 11:59:00,349.0,453.49039498721913,576.0,576.0,520.0
2016-03-28 12:41:00,674.0,559.1887526242184,576.0,576.0,541.5
2016-03-28 12:41:00,487.0,533.122261244484,576.0,576.0,541.5
2016-03-28 13:09:00,738.0,603.5045371281236,576.0,576.0,557.0
2016-03-28 14:40:00,513.0,431.9333400366353,576.0,576.0,552.0
2016-03-28 14:54:00,437.0,382.816961438959,576.0,576.0,552.0
2016-03-28 15:33:00,337.0,516.599196991148,576.0,576.0,564.5
2016-03-28 16:05:00,284.0,524.6435704994625,576.0,576.0,657.0
2016-03-28 16:07:00,621.0,598.7041319538429,576.0,576.0,657.0
2016-03-28 16:21:00,647.0,587.3265459130239,576.0,576.0,657.0
2016-03-28 17:28:00,729.0,701.3191927438311,576.0,576.0,611.0
2016-03-28 17:49:00,665.0,763.1148640527128,576.0,576.0,611.0
2016-03-28 17:54:00,342.0,425.96683801589097,576.0,576.0,611.0
2016-03-28 18:13:00,489.0,487.2135853997409,576.0,576.0,644.5
2016-03-28 18:26:00,865.0,682.751849761415,576.0,576.0,644.5
2016-03-28 19:13:00,663.0,606.5186297360566,576.0,576.0,640.0
2016-03-28 19:39:00,699.0,535.6830157763236,576.0,576.0,640.0
2016-03-28 19:42:00,722.0,586.7543958942933,576.0,576.0,640.0
2016-03-28 20:49:00,346.0,472.7187351963781,576.0,576.0,538.0
2016-03-28 20:54:00,506.0,528.7230169100662,576.0,576.0,538.0
2016-03-28 21:06:00,384.0,385.9948258751432,576.0,576.0,542.5
2016-03-28 21:18:00,560.0,481.0805087270269,576.0,576.0,542.5
2016-03-28 22:38:00,602.0,497.935105341192,576.0,576.0,569.0
2016-03-28 23:12:00,444.0,458.5911320270668,576.0,576.0,559.0
2016-03-28 23:52:00,558.0,457.01174041216854,576.0,576.0,559.0
2016-03-29 00:04:00,506.0,437.75454684590335,576.0,576.0,551.0
2016-03-29 00:25:00,817.0,679.1906250543491,576.0,576.0,551.0
2016-03-29 00:37:00,662.0,721.5248257747346,576.0,576.0,551.0
2016-03-29 00:52:00,378.0,575.120335446047,576.0,576.0,551.0
2016-03-29 01:29:00,735.0,636.3279575086347,576.0,576.0,502.0
2016-03-29 01:44:00,430.0,459.363460607133,576.0,576.0,502.0
2016-03-29 01:47:00,482.0,538.5878395164503,576.0,576.0,502.0
2016-03-29 01:59:00,516.0,582.0836643898168,576.0,576.0,502.0
2016-03-29 02:32:00,778.0,600.6869582501596,576.0,576.0,534.0
2016-03-29 02:54:00,526.0,459.062723159259,576.0,576.0,534.0
2016-03-29 03:04:00,388.0,461.76468242855276,576.0,576.0,531.5
2016-03-29 03:19:00,576.0,631.6554665454183,576.0,576.0,531.5
2016-03-29 03:21:00,461.0,416.8070210150306,576.0,576.0,531.5
2016-03-29 03:29:00,274.0,346.9495573512906,576.0,576.0,531.5
2016-03-29 03:31:00,477.0,456.03644089662953,576.0,576.0,531.5
2016-03-29 03:37:00,458.0,426.6125040814764,576.0,576.0,531.5
2016-03-29 03:47:00,303.0,350.4104839047012,576.0,576.0,531.5
2016-03-29 03:52:00,1042.0,1164.491786556767,576.0,576.0,531.5
2016-03-29 04:16:00,804.0,726.353841858849,576.0,576.0,534.0
2016-03-29 05:37:00,391.0,417.9851214787372,576.0,576.0,551.0
2016-03-29 05:41:00,399.0,468.23897883440804,576.0,576.0,551.0
2016-03-29 06:01:00,380.0,419.6863902211171,576.0,576.0,554.5
2016-03-29 06:28:00,401.0,448.1132016954958,576.0,576.0,554.5
2016-03-29 06:47:00,810.0,960.607763068221,576.0,576.0,554.5
2016-03-29 06:47:00,809.0,695.3722449494359,576.0,576.0,554.5
2016-03-29 07:24:00,897.0,1311.799780205078,576.0,576.0,625.0
2016-03-29 07:26:00,840.0,932.8653246037022,576.0,576.0,625.0
2016-03-29 07:40:00,576.0,489.67242936457393,576.0,576.0,625.0
2016-03-29 08:47:00,693.0,657.9608375113245,576.0,576.0,674.5
2016-03-29 08:48:00,323.0,489.27466218703677,576.0,576.0,674.5
2016-03-29 08:49:00,485.0,632.3414374996704,576.0,576.0,674.5
2016-03-29 08:50:00,490.0,582.4316082018172,576.0,576.0,674.5
2016-03-29 08:59:00,965.0,1052.1688045197827,576.0,576.0,674.5
2016-03-29 09:37:00,1002.0,1090.5737017030012,576.0,576.0,643.0
2016-03-29 09:40:00,537.0,488.31392245179933,576.0,576.0,643.0
2016-03-29 10:10:00,751.0,781.9406863750347,576.0,576.0,537.0
2016-03-29 10:11:00,648.0,549.0941857433785,576.0,576.0,537.0
2016-03-29 10:21:00,391.0,472.96750006870553,576.0,576.0,537.0
2016-03-29 10:26:00,609.0,533.1074920335365,576.0,576.0,537.0
2016-03-29 11:04:00,767.0,602.3436087552606,576.0,576.0,520.0
2016-03-29 11:05:00,661.0,646.1320015940781,576.0,576.0,520.0
2016-03-29 11:13:00,447.0,407.49511924971074,576.0,576.0,520.0
2016-03-29 11:21:00,408.0,549.9475506951709,576.0,576.0,520.0
2016-03-29 11:29:00,487.0,569.3865745822571,576.0,576.0,520.0
2016-03-29 11:41:00,646.0,573.0153267027296,576.0,576.0,520.0
2016-03-29 12:03:00,257.0,406.56648510809447,576.0,576.0,541.5
2016-03-29 12:22:00,773.0,662.9413690403069,576.0,576.0,541.5
2016-03-29 13:19:00,333.0,486.7131602058005,576.0,576.0,557.0
2016-03-29 13:23:00,494.0,411.3162280951011,576.0,576.0,557.0
2016-03-29 13:41:00,554.0,562.1195815278204,576.0,576.0,557.0
2016-03-29 14:34:00,897.0,736.1097342385322,576.0,576.0,552.0
2016-03-29 15:54:00,773.0,575.9032395697665,576.0,576.0,564.5
2016-03-29 16:09:00,656.0,608.7449742834732,576.0,576.0,657.0
2016-03-29 16:16:00,1004.0,871.4401812585982,576.0,576.0,657.0
2016-03-29 16:16:00,612.0,652.1258918298882,576.0,576.0,657.0
2016-03-29 16:21:00,658.0,612.7257486716543,576.0,576.0,657.0
2016-03-29 16:31:00,678.0,764.9317098191651,576.0,576.0,657.0
2016-03-29 16:37:00,841.0,830.8679283070848,576.0,576.0,657.0
2016-03-29 16:37:00,407.0,429.1588056977939,576.0,576.0,657.0
2016-03-29 17:00:00,431.0,440.3870896257315,576.0,576.0,611.0
2016-03-29 17:28:00,822.0,942.6081152465486,576.0,576.0,611.0
2016-03-29 17:53:00,700.0,631.0773124740604,576.0,576.0,611.0
2016-03-29 18:32:00,798.0,690.3510902380993,576.0,576.0,644.5
2016-03-29 18:44:00,539.0,552.9943119474227,576.0,576.0,644.5
2016-03-29 18:47:00,589.0,633.9720212045097,576.0,576.0,644.5
2016-03-29 19:32:00,432.0,455.05532105083637,576.0,576.0,640.0
2016-03-29 19:37:00,496.0,528.7820908822605,576.0,576.0,640.0
2016-03-29 19:57:00,586.0,522.871049028945,576.0,576.0,640.0
2016-03-29 20:14:00,450.0,482.30806940192406,576.0,576.0,538.0
2016-03-29 20:15:00,541.0,533.0443622737447,576.0,576.0,538.0
2016-03-29 20:29:00,308.0,429.360040637333,576.0,576.0,538.0
2016-03-29 21:19:00,296.0,398.6053069876652,576.0,576.0,542.5
2016-03-29 22:08:00,571.0,482.8608592522163,576.0,576.0,569.0
2016-03-29 22:09:00,617.0,725.8428609021464,576.0,576.0,569.0
2016-03-29 22:16:00,384.0,401.6961986043631,576.0,576.0,569.0
2016-03-29 22:43:00,446.0,499.771195743085,576.0,576.0,569.0
2016-03-29 22:48:00,473.0,465.6303651377758,576.0,576.0,569.0
2016-03-29 23:50:00,530.0,438.3219500053576,576.0,576.0,559.0
2016-03-30 00:43:00,619.0,637.8833017179119,576.0,576.0,551.0
2016-03-30 01:01:00,322.0,431.50409591201617,576.0,576.0,502.0
2016-03-30 01:14:00,423.0,372.2499050408802,576.0,576.0,502.0
2016-03-30 01:23:00,761.0,802.3550490075835,576.0,576.0,502.0
2016-03-30 01:33:00,451.0,413.88337620046,576.0,576.0,502.0
2016-03-30 01:58:00,448.0,440.2999587246301,576.0,576.0,502.0
2016-03-30 02:01:00,824.0,786.8853324579876,576.0,576.0,534.0
2016-03-30 02:19:00,648.0,550.4090831130555,576.0,576.0,534.0
2016-03-30 02:41:00,380.0,449.0093089397344,576.0,576.0,534.0
2016-03-30 03:32:00,641.0,571.0861617815946,576.0,576.0,531.5
2016-03-30 03:41:00,383.0,513.2050475027067,576.0,576.0,531.5
2016-03-30 04:08:00,695.0,675.4161843459199,576.0,576.0,534.0
2016-03-30 04:12:00,675.0,667.2082574533991,576.0,576.0,534.0
2016-03-30 04:23:00,704.0,751.0516424946156,576.0,576.0,534.0
2016-03-30 04:26:00,827.0,473.63679846250847,576.0,576.0,534.0
2016-03-30 04:38:00,547.0,469.88454746787755,576.0,576.0,534.0
2016-03-30 04:53:00,353.0,379.07996358706106,576.0,576.0,534.0
2016-03-30 05:39:00,531.0,723.5482698052846,576.0,576.0,551.0
2016-03-30 05:40:00,680.0,889.1768669574063,576.0,576.0,551.0
2016-03-30 05:49:00,667.0,513.7283473123191,576.0,576.0,551.0
2016-03-30 05:51:00,699.0,664.3165588944219,576.0,576.0,551.0
2016-03-30 05:57:00,946.0,1028.6996285603816,576.0,576.0,551.0
2016-03-30 06:00:00,373.0,420.3574659016838,576.0,576.0,554.5
2016-03-30 06:15:00,603.0,542.8027072056052,576.0,576.0,554.5
2016-03-30 07:51:00,602.0,530.2705093095539,576.0,576.0,625.0
2016-03-30 08:17:00,789.0,836.8049208013905,576.0,576.0,674.5
2016-03-30 08:32:00,701.0,836.7693360462918,576.0,576.0,674.5
2016-03-30 09:04:00,455.0,631.3143401110499,576.0,576.0,643.0
2016-03-30 09:12:00,734.0,758.9308845012393,576.0,576.0,643.0
2016-03-30 09:34:00,729.0,545.2642137234958,576.0,576.0,643.0
2016-03-30 09:35:00,765.0,736.1566168098406,576.0,576.0,643.0
2016-03-30 09:48:00,418.0,476.35137255010875,576.0,576.0,643.0
2016-03-30 10:40:00,723.0,784.6434906884073,576.0,576.0,537.0
2016-03-30 10:51:00,572.0,510.7402675949708,576.0,576.0,537.0
2016-03-30 12:38:00,565.0,517.4778499132867,576.0,576.0,541.5
2016-03-30 13:43:00,591.0,638.9039174183315,576.0,576.0,557.0
2016-03-30 13:57:00,408.0,535.7263044184706,576.0,576.0,557.0
2016-03-30 14:09:00,832.0,685.3815952200146,576.0,576.0,552.0
2016-03-30 14:09:00,717.0,701.6258909534729,576.0,576.0,552.0
2016-03-30 14:20:00,341.0,434.97404665512585,576.0,576.0,552.0
2016-03-30 14:26:00,762.0,597.8334648783339,576.0,576.0,552.0
2016-03-30 14:29:00,552.0,539.7502054987376,576.0,576.0,552.0
2016-03-30 15:34:00,638.0,578.6824723913804,576.0,576.0,564.5
2016-03-30 15:47:00,361.0,386.7463097613308,576.0,576.0,564.5
2016-03-30 15:48:00,765.0,869.7499510920059,576.0,576.0,564.5
2016-03-30 16:17:00,755.0,590.2542544955402,576.0,576.0,657.0
2016-03-30 16:18:00,700.0,728.9749187712541,576.0,576.0,657.0
2016-03-30 16:43:00,442.0,450.19276564599903,576.0,576.0,657.0
2016-03-30 16:48:00,338.0,438.514752902204,576.0,576.0,657.0
2016-03-30 16:52:00,296.0,444.30111029875053,576.0,576.0,657.0
2016-03-30 16:59:00,603.0,707.5529137970885,576.0,576.0,657.0
2016-03-30 17:09:00,709.0,646.6492357506219,576.0,576.0,611.0
2016-03-30 17:12:00,875.0,723.9401719514506,576.0,576.0,611.0
2016-03-30 17:20:00,310.0,450.7622812035596,576.0,576.0,611.0
2016-03-30 18:15:00,897.0,991.9689578149488,576.0,576.0,644.5
2016-03-30 18:27:00,656.0,579.6263761179546,576.0,576.0,644.5
2016-03-30 19:22:00,905.0,1075.4007696425888,576.0,576.0,640.0
2016-03-30 19:39:00,690.0,607.1058387262458,576.0,576.0,640.0
2016-03-30 20:01:00,971.0,1161.6327751075753,576.0,576.0,538.0
2016-03-30 20:01:00,148.0,328.3894886030476,576.0,576.0,538.0
2016-03-30 20:25:00,535.0,420.4777291365918,576.0,576.0,538.0
2016-03-30 20:45:00,587.0,611.2974655803865,576.0,576.0,538.0
2016-03-30 21:05:00,476.0,472.8705366002602,576.0,576.0,542.5
2016-03-30 21:08:00,434.0,467.33376819832927,576.0,576.0,542.5
2016-03-30 21:12:00,531.0,546.2937267971197,576.0,576.0,542.5
2016-03-30 21:21:00,423.0,427.7128969500855,576.0,576.0,542.5
2016-03-30 21:33:00,494.0,529.2106685697677,576.0,576.0,542.5
2016-03-30 22:16:00,289.0,442.28655044020365,576.0,576.0,569.0
2016-03-30 22:22:00,602.0,688.6863322993349,576.0,576.0,569.0
2016-03-30 22:46:00,498.0,579.2076892870637,576.0,576.0,569.0
2016-03-30 22:54:00,760.0,711.7105925154717,576.0,576.0,569.0
2016-03-30 23:16:00,742.0,518.9953413474343,576.0,576.0,559.0
